"position","const","created","modified","description","Title","Title type","Directors","IMDb Rating","Runtime (mins)","Year","Genres","Num. Votes","Release Date (month/day/year)","URL"
"1","tt0010323","Mon Jun 11 02:33:47 2012","Mon Jun 11 02:33:47 2012","","The Cabinet of Dr. Caligari","Feature Film","Robert Wiene","8.1","","1920","horror","23233","1920-02-26","http://www.imdb.com/title/tt0010323/"
"2","tt0013442","Mon Jun 11 02:33:47 2012","Mon Jun 11 02:33:47 2012","","Nosferatu","Feature Film","F.W. Murnau","8.0","94","1922","horror","43845","1922-03-04","http://www.imdb.com/title/tt0013442/"
"3","tt0016220","Wed Aug  1 07:43:00 2012","Wed Aug  1 07:43:00 2012","","The Phantom of the Opera","Feature Film","Rupert Julian","7.7","93","1925","horror","8137","1925-09-06","http://www.imdb.com/title/tt0016220/"
"4","tt0016847","Mon Jun 11 02:33:47 2012","Mon Jun 11 02:33:47 2012","","Faust","Feature Film","F.W. Murnau","8.1","85","1926","drama, fantasy, horror","6604","1926-10-14","http://www.imdb.com/title/tt0016847/"
"5","tt0021884","Mon Jun 11 02:33:47 2012","Mon Jun 11 02:33:47 2012","","Frankenstein","Feature Film","James Whale","8.0","70","1931","horror, sci_fi","31374","1931-11-21","http://www.imdb.com/title/tt0021884/"
"6","tt0021814","Mon Jun 11 02:33:47 2012","Mon Jun 11 02:33:47 2012","","Dracula","Feature Film","Tod Browning","7.6","","1931","horror","20155","1931-02-12","http://www.imdb.com/title/tt0021814/"
"7","tt0022835","Sat Jul 21 04:14:16 2012","Sat Jul 21 04:14:16 2012","","Dr. Jekyll and Mr. Hyde","Feature Film","Rouben Mamoulian","7.7","98","1931","drama, horror, sci_fi","5934","1931-12-31","http://www.imdb.com/title/tt0022835/"
"8","tt0023649","Wed Aug  1 07:43:56 2012","Wed Aug  1 07:43:56 2012","","Vampyr","Feature Film","Carl Th. Dreyer","7.6","83","1932","horror","6409","1932-05-06","http://www.imdb.com/title/tt0023649/"
"9","tt0024216","Thu Oct 11 08:53:25 2012","Thu Oct 11 08:53:25 2012","","King Kong","Feature Film","","8.0","100","1933","adventure, fantasy, horror","49616","1933-03-07","http://www.imdb.com/title/tt0024216/"
"10","tt0026138","Mon Jun 11 02:33:47 2012","Mon Jun 11 02:33:47 2012","","The Bride of Frankenstein","Feature Film","James Whale","8.0","75","1935","horror, sci_fi","20750","1935-04-22","http://www.imdb.com/title/tt0026138/"
"11","tt0034398","Mon Jun 11 02:33:47 2012","Mon Jun 11 02:33:47 2012","","The Wolf Man","Feature Film","George Waggner","7.4","70","1941","drama, horror","9551","1941-12-09","http://www.imdb.com/title/tt0034398/"
"12","tt0034587","Fri Jul 27 09:27:40 2012","Fri Jul 27 09:27:40 2012","","Cat People","Feature Film","Jacques Tourneur","7.5","73","1942","horror, mystery, romance, thriller","7686","1942-12-06","http://www.imdb.com/title/tt0034587/"
"13","tt0036027","Wed Aug 15 08:34:09 2012","Wed Aug 15 08:34:09 2012","","I Walked with a Zombie","Feature Film","Jacques Tourneur","7.3","69","1943","horror","4897","1943-04-21","http://www.imdb.com/title/tt0036027/"
"14","tt0037415","Thu Sep 27 09:43:04 2012","Thu Sep 27 09:43:04 2012","","The Uninvited","Feature Film","Lewis Allen","7.5","99","1944","fantasy, horror, mystery, romance","3363","1944-02-10","http://www.imdb.com/title/tt0037415/"
"15","tt0037988","Thu Jul 19 09:45:11 2012","Thu Jul 19 09:45:11 2012","","The Picture of Dorian Gray","Feature Film","Albert Lewin","7.6","110","1945","drama, fantasy, horror, romance, thriller","5996","1945-03-01","http://www.imdb.com/title/tt0037988/"
"16","tt0037635","Mon Jun 11 02:33:47 2012","Mon Jun 11 02:33:47 2012","","Dead of Night","Feature Film","Cavalcanti, Charles Crichton","7.8","103","1945","horror, thriller","4880","1945-09-04","http://www.imdb.com/title/tt0037635/"
"17","tt0040068","Thu Jul 19 09:44:51 2012","Thu Jul 19 09:44:51 2012","","Bud Abbott Lou Costello Meet Frankenstein","Feature Film","Charles T. Barton","7.4","83","1948","comedy, horror, sci_fi","7392","1948-06-15","http://www.imdb.com/title/tt0040068/"
"18","tt0044121","Thu Jul  5 08:41:06 2012","Thu Jul  5 08:41:06 2012","","The Thing from Another World","Feature Film","Christian Nyby","7.3","87","1951","horror, sci_fi","11855","1951-04-06","http://www.imdb.com/title/tt0044121/"
"19","tt0045888","Thu Jul  5 08:41:25 2012","Thu Jul  5 08:41:25 2012","","House of Wax","Feature Film","Andre de Toth","7.0","90","1953","horror","6814","1953-04-10","http://www.imdb.com/title/tt0045888/"
"20","tt0046876","Thu Jul  5 08:41:15 2012","Thu Jul  5 08:41:15 2012","","Creature from the Black Lagoon","Feature Film","Jack Arnold","6.9","79","1954","adventure, horror, sci_fi","9709","1954-03-05","http://www.imdb.com/title/tt0046876/"
"21","tt0049366","Mon Jun 11 02:33:47 2012","Mon Jun 11 02:33:47 2012","","Invasion of the Body Snatchers","Feature Film","Don Siegel","7.9","80","1956","horror, sci_fi","21314","1956-02-05","http://www.imdb.com/title/tt0049366/"
"22","tt0050976","Mon Jun 11 02:33:47 2012","Mon Jun 11 02:33:47 2012","","The Seventh Seal","Feature Film","Ingmar Bergman","8.3","96","1957","drama, fantasy","61150","1957-02-16","http://www.imdb.com/title/tt0050976/"
"23","tt0051554","Thu Jul  5 08:40:49 2012","Thu Jul  5 08:40:49 2012","","Horror of Dracula","Feature Film","Terence Fisher","7.5","82","1958","horror","8795","1958-05-08","http://www.imdb.com/title/tt0051554/"
"24","tt0051418","Thu Oct 25 09:07:01 2012","Thu Oct 25 09:07:01 2012","","The Blob","Feature Film","Irvin S. Yeaworth Jr.","6.3","86","1958","horror, sci_fi","9937","1958-09-12","http://www.imdb.com/title/tt0051418/"
"25","tt0051622","Thu Jul 19 09:45:39 2012","Thu Jul 19 09:45:39 2012","","The Fly","Feature Film","Kurt Neumann","7.0","94","1958","horror, sci_fi","8699","1958-07-16","http://www.imdb.com/title/tt0051622/"
"26","tt0051744","Thu Jul  5 08:39:59 2012","Thu Jul  5 08:39:59 2012","","House on Haunted Hill","Feature Film","William Castle","6.8","75","1959","drama, horror, thriller","9183","1959-02-17","http://www.imdb.com/title/tt0051744/"
"27","tt0054443","Mon Jun 11 02:33:47 2012","Mon Jun 11 02:33:47 2012","","Village of the Damned","Feature Film","Wolf Rilla","7.3","77","1960","horror, mystery, sci_fi","6586","1960-07","http://www.imdb.com/title/tt0054443/"
"28","tt0054067","Fri Sep  7 09:05:12 2012","Fri Sep  7 09:05:12 2012","","Black Sunday","Feature Film","Mario Bava","7.4","87","1960","horror","5083","1960-08-11","http://www.imdb.com/title/tt0054067/"
"29","tt0054215","Mon Jun 11 02:33:47 2012","Mon Jun 11 02:33:47 2012","","Psycho","Feature Film","Alfred Hitchcock","8.6","109","1960","horror, mystery, thriller","219650","1960-06-16","http://www.imdb.com/title/tt0054215/"
"30","tt0055824","Wed Aug 15 08:32:52 2012","Wed Aug 15 08:32:52 2012","","Cape Fear","Feature Film","J. Lee Thompson","7.8","105","1962","thriller","14004","1962-04-12","http://www.imdb.com/title/tt0055824/"
"31","tt0057129","Mon Jun 11 02:33:47 2012","Mon Jun 11 02:33:47 2012","","The Haunting","Feature Film","Robert Wise","7.7","112","1963","drama, horror","16349","1963-08","http://www.imdb.com/title/tt0057129/"
"32","tt0056869","Mon Jun 11 02:33:47 2012","Mon Jun 11 02:33:47 2012","","The Birds","Feature Film","Alfred Hitchcock","7.9","119","1963","horror, thriller","76203","1963-03-28","http://www.imdb.com/title/tt0056869/"
"33","tt0058430","Fri Sep  7 09:05:30 2012","Fri Sep  7 09:05:30 2012","","Onibaba","Feature Film","Kaneto Shindô","8.0","103","1964","horror","6142","1964-11-21","http://www.imdb.com/title/tt0058430/"
"34","tt0059646","Mon Jun 11 02:33:47 2012","Mon Jun 11 02:33:47 2012","","Repulsion","Feature Film","Roman Polanski","7.8","105","1965","drama, horror, mystery, thriller","20384","1965-05","http://www.imdb.com/title/tt0059646/"
"35","tt0061655","Thu Oct 25 09:06:25 2012","Thu Oct 25 09:06:25 2012","","The Fearless Vampire Killers","Feature Film","Roman Polanski","7.2","108","1967","comedy, horror","15092","1967-06","http://www.imdb.com/title/tt0061655/"
"36","tt0063522","Mon Jun 11 02:33:47 2012","Mon Jun 11 02:33:47 2012","","Rosemary's Baby","Feature Film","Roman Polanski","8.0","136","1968","drama, horror, mystery","83693","1968-06-12","http://www.imdb.com/title/tt0063522/"
"37","tt0063350","Mon Jun 11 02:33:47 2012","Mon Jun 11 02:33:47 2012","","Night of the Living Dead","Feature Film","George A. Romero","8.0","96","1968","horror, sci_fi","56464","1968-10-01","http://www.imdb.com/title/tt0063350/"
"38","tt0070047","Mon Jun 11 02:33:47 2012","Mon Jun 11 02:33:47 2012","","The Exorcist","Feature Film","William Friedkin","8.1","122","1973","drama, horror","174239","1973-06-19","http://www.imdb.com/title/tt0070047/"
"39","tt0072271","Mon Jun 11 02:33:47 2012","Mon Jun 11 02:33:47 2012","","The Texas Chain Saw Massacre","Feature Film","Tobe Hooper","7.5","83","1974","horror, thriller","55612","1974-10-01","http://www.imdb.com/title/tt0072271/"
"40","tt0073195","Mon Jun 11 02:33:47 2012","Mon Jun 11 02:33:47 2012","","Jaws","Feature Film","Steven Spielberg","8.2","124","1975","thriller","216836","1975-06-20","http://www.imdb.com/title/tt0073195/"
"41","tt0073582","Thu Oct 18 08:54:32 2012","Thu Oct 18 08:54:32 2012","","Deep Red","Feature Film","Dario Argento","7.6","126","1975","horror, mystery, thriller","13107","1975-03-07","http://www.imdb.com/title/tt0073582/"
"42","tt0074285","Mon Jun 11 02:33:47 2012","Mon Jun 11 02:33:47 2012","","Carrie","Feature Film","Brian De Palma","7.4","98","1976","drama, horror","63891","1976-11-03","http://www.imdb.com/title/tt0074285/"
"43","tt0075005","Mon Jun 11 02:33:47 2012","Mon Jun 11 02:33:47 2012","","The Omen","Feature Film","Richard Donner","7.6","111","1976","horror","46405","1976-06-25","http://www.imdb.com/title/tt0075005/"
"44","tt0074486","Mon Jun 11 02:33:47 2012","Mon Jun 11 02:33:47 2012","","Eraserhead","Feature Film","David Lynch","7.3","85","1977","fantasy, horror, sci_fi","39351","1977-03-19","http://www.imdb.com/title/tt0074486/"
"45","tt0076786","Mon Jun 11 02:33:47 2012","Mon Jun 11 02:33:47 2012","","Suspiria","Feature Film","Dario Argento","7.4","98","1977","horror, thriller","27156","1977-02-01","http://www.imdb.com/title/tt0076786/"
"46","tt0077651","Mon Jun 11 02:33:47 2012","Mon Jun 11 02:33:47 2012","","Halloween","Feature Film","John Carpenter","7.9","91","1978","horror","95782","1978-10-25","http://www.imdb.com/title/tt0077651/"
"47","tt0077402","Mon Jun 11 02:33:47 2012","Mon Jun 11 02:33:47 2012","","Dawn of the Dead","Feature Film","George A. Romero","8.0","127","1978","horror, sci_fi","60212","1978-09-02","http://www.imdb.com/title/tt0077402/"
"48","tt0078748","Mon Jun 11 02:33:47 2012","Mon Jun 11 02:33:47 2012","","Alien","Feature Film","Ridley Scott","8.5","117","1979","horror, sci_fi","292981","1979-05-25","http://www.imdb.com/title/tt0078748/"
"49","tt0078908","Wed Aug  1 07:44:13 2012","Wed Aug  1 07:44:13 2012","","The Brood","Feature Film","David Cronenberg","6.8","92","1979","horror, sci_fi","10114","1979-05-25","http://www.imdb.com/title/tt0078908/"
"50","tt0079641","Thu Oct 11 08:57:42 2012","Thu Oct 11 08:57:42 2012","","Nosferatu the Vampyre","Feature Film","Werner Herzog","7.5","107","1979","horror","13853","1979-01-17","http://www.imdb.com/title/tt0079641/"
"51","tt0081505","Mon Jun 11 02:33:47 2012","Mon Jun 11 02:33:47 2012","","The Shining","Feature Film","Stanley Kubrick","8.5","","1980","horror, mystery","301484","1980-05-23","http://www.imdb.com/title/tt0081505/"
"52","tt0080923","Thu Oct 18 08:55:03 2012","Thu Oct 18 08:55:03 2012","","Inferno","Feature Film","Dario Argento","6.6","107","1980","horror","7278","1980-02-07","http://www.imdb.com/title/tt0080923/"
"53","tt0080761","Thu Oct 11 09:00:05 2012","Thu Oct 11 09:00:05 2012","","Friday the 13th","Feature Film","Sean S. Cunningham","6.4","95","1980","horror, mystery, thriller","46101","1980-05-09","http://www.imdb.com/title/tt0080761/"
"54","tt0080516","Thu Oct 11 08:57:59 2012","Thu Oct 11 08:57:59 2012","","The Changeling","Feature Film","Peter Medak","7.3","107","1980","horror, thriller","13603","1980-03-28","http://www.imdb.com/title/tt0080516/"
"55","tt0082010","Mon Jun 11 02:33:47 2012","Mon Jun 11 02:33:47 2012","","An American Werewolf in London","Feature Film","John Landis","7.6","97","1981","horror, thriller","37359","1981-08-21","http://www.imdb.com/title/tt0082010/"
"56","tt0084777","Thu Oct 11 08:58:08 2012","Thu Oct 11 08:58:08 2012","","Tenebre","Feature Film","Dario Argento","7.0","110","1982","horror, mystery, thriller","9047","1982-10-28","http://www.imdb.com/title/tt0084777/"
"57","tt0084516","Thu Oct 11 08:56:26 2012","Thu Oct 11 08:56:26 2012","","Poltergeist","Feature Film","Tobe Hooper","7.4","114","1982","horror","55834","1982-06-04","http://www.imdb.com/title/tt0084516/"
"58","tt0084787","Mon Jun 11 02:33:47 2012","Mon Jun 11 02:33:47 2012","","The Thing","Feature Film","John Carpenter","8.2","109","1982","horror, mystery, sci_fi, thriller","142757","1982-06-25","http://www.imdb.com/title/tt0084787/"
"59","tt0083767","Wed Aug  1 07:44:05 2012","Wed Aug  1 07:44:05 2012","","Creepshow","Feature Film","George A. Romero","6.6","120","1982","comedy, horror","18443","1982-05","http://www.imdb.com/title/tt0083767/"
"60","tt0085333","Fri Aug 31 09:24:56 2012","Fri Aug 31 09:24:56 2012","","Christine","Feature Film","John Carpenter","6.5","110","1983","drama, horror, mystery, thriller","28951","1983-12-09","http://www.imdb.com/title/tt0085333/"
"61","tt0087800","Mon Jun 11 02:33:47 2012","Mon Jun 11 02:33:47 2012","","A Nightmare on Elm Street","Feature Film","Wes Craven","7.5","91","1984","horror","78999","1984-10","http://www.imdb.com/title/tt0087800/"
"62","tt0089907","Thu Oct  4 09:16:16 2012","Thu Oct  4 09:16:16 2012","","The Return of the Living Dead","Feature Film","Dan O'Bannon","7.2","91","1985","comedy, horror, sci_fi","23877","1985-05-15","http://www.imdb.com/title/tt0089907/"
"63","tt0087909","Thu Oct 18 08:54:50 2012","Thu Oct 18 08:54:50 2012","","Phenomena","Feature Film","Dario Argento","6.8","110","1985","horror, mystery","9531","1985-01-31","http://www.imdb.com/title/tt0087909/"
"64","tt0089885","Thu Oct 11 09:00:55 2012","Thu Oct 11 09:00:55 2012","","Re-Animator","Feature Film","Stuart Gordon","7.3","","1985","horror, sci_fi","21404","1985-10-18","http://www.imdb.com/title/tt0089885/"
"65","tt0089175","Thu Oct 11 08:59:57 2012","Thu Oct 11 08:59:57 2012","","Fright Night","Feature Film","Tom Holland","7.0","106","1985","comedy, horror, thriller","24128","1985-08-02","http://www.imdb.com/title/tt0089175/"
"66","tt0088993","Thu Jul 19 09:43:56 2012","Thu Jul 19 09:43:56 2012","","Day of the Dead","Feature Film","George A. Romero","7.1","102","1985","horror, sci_fi","32316","1985-07-03","http://www.imdb.com/title/tt0088993/"
"67","tt0091209","Thu Sep 27 09:43:14 2012","Thu Sep 27 09:43:14 2012","","The Hitcher","Feature Film","Robert Harmon","7.2","97","1986","horror, thriller","23805","1986-02-21","http://www.imdb.com/title/tt0091209/"
"68","tt0091630","Fri Sep 14 09:30:31 2012","Fri Sep 14 09:30:31 2012","","Night of the Creeps","Feature Film","Fred Dekker","6.7","88","1986","comedy, horror, sci_fi, thriller","7771","1986-08-22","http://www.imdb.com/title/tt0091630/"
"69","tt0091064","Mon Jun 11 02:33:47 2012","Mon Jun 11 02:33:47 2012","","The Fly","Feature Film","David Cronenberg","7.5","96","1986","horror, sci_fi","65933","1986-08-15","http://www.imdb.com/title/tt0091064/"
"70","tt0093777","Fri Sep  7 09:05:05 2012","Fri Sep  7 09:05:05 2012","","Prince of Darkness","Feature Film","John Carpenter","6.6","102","1987","horror","14797","1987-10-23","http://www.imdb.com/title/tt0093777/"
"71","tt0093177","Fri Jun 22 09:42:02 2012","Fri Jun 22 09:42:02 2012","","Hellraiser","Feature Film","Clive Barker","7.0","94","1987","horror","41811","1987-05-13","http://www.imdb.com/title/tt0093177/"
"72","tt0092991","Mon Jun 11 02:33:47 2012","Mon Jun 11 02:33:47 2012","","Evil Dead II","Feature Film","Sam Raimi","7.8","84","1987","horror","65722","1987-03-13","http://www.imdb.com/title/tt0092991/"
"73","tt0094862","Thu Oct 11 09:00:16 2012","Thu Oct 11 09:00:16 2012","","Child's Play","Feature Film","Tom Holland","6.4","87","1988","horror, mystery, thriller","33884","1988-11-09","http://www.imdb.com/title/tt0094862/"
"74","tt0096256","Mon Jun 11 02:33:47 2012","Mon Jun 11 02:33:47 2012","","They Live","Feature Film","John Carpenter","7.1","93","1988","action, horror, sci_fi, thriller","37399","1988-11-04","http://www.imdb.com/title/tt0096256/"
"75","tt0100814","Mon Jun 11 02:33:47 2012","Mon Jun 11 02:33:47 2012","","Tremors","Feature Film","Ron Underwood","7.1","96","1990","comedy, horror, sci_fi","49945","1990-01-19","http://www.imdb.com/title/tt0100814/"
"76","tt0101700","Mon Jun 11 02:33:47 2012","Mon Jun 11 02:33:47 2012","","Delicatessen","Feature Film","Marc Caro, Jean-Pierre Jeunet","7.8","99","1991","comedy, fantasy, sci_fi","42607","1991-04-17","http://www.imdb.com/title/tt0101700/"
"77","tt0102511","Thu Jul 19 09:44:15 2012","Thu Jul 19 09:44:15 2012","","Naked Lunch","Feature Film","David Cronenberg","6.9","115","1991","biography, comedy, drama, fantasy, horror","21820","1991-12-27","http://www.imdb.com/title/tt0102511/"
"78","tt0103874","Mon Jun 11 02:33:47 2012","Mon Jun 11 02:33:47 2012","","Dracula","Feature Film","Francis Ford Coppola","7.4","128","1992","drama, horror, romance","87456","1992-11-13","http://www.imdb.com/title/tt0103874/"
"79","tt0103873","Thu Oct 11 08:59:51 2012","Thu Oct 11 08:59:51 2012","","Dead Alive","Feature Film","Peter Jackson","7.6","104","1992","comedy, horror","51320","1992-05","http://www.imdb.com/title/tt0103873/"
"80","tt0106308","Mon Jun 11 02:33:47 2012","Mon Jun 11 02:33:47 2012","","Army of Darkness","Feature Film","Sam Raimi","7.6","81","1992","comedy, fantasy, horror","78693","1992-10-09","http://www.imdb.com/title/tt0106308/"
"81","tt0104029","Thu Jul 19 09:45:14 2012","Thu Jul 19 09:45:14 2012","","Cronos","Feature Film","Guillermo del Toro","6.7","94","1993","horror, mystery","10855","1993-05","http://www.imdb.com/title/tt0104029/"
"82","tt0113409","Thu Oct 11 09:00:34 2012","Thu Oct 11 09:00:34 2012","","In the Mouth of Madness","Feature Film","John Carpenter","7.1","95","1994","horror, mystery, thriller","25168","1994-12","http://www.imdb.com/title/tt0113409/"
"83","tt0110148","Thu Oct 11 08:58:52 2012","Thu Oct 11 08:58:52 2012","","Interview with the Vampire: The Vampire Chronicles","Feature Film","Neil Jordan","7.5","123","1994","horror, romance","142408","1994-11-11","http://www.imdb.com/title/tt0110148/"
"84","tt0116367","Mon Jun 11 02:33:47 2012","Mon Jun 11 02:33:47 2012","","From Dusk Till Dawn","Feature Film","Robert Rodriguez","7.2","108","1996","action, crime, horror, thriller","123850","1996-01-19","http://www.imdb.com/title/tt0116367/"
"85","tt0117571","Thu Oct 11 08:55:04 2012","Thu Oct 11 08:55:04 2012","","Scream","Feature Film","Wes Craven","7.2","111","1996","crime, horror, mystery, thriller","137941","1996-12-18","http://www.imdb.com/title/tt0117571/"
"86","tt0123755","Thu Oct 11 08:56:11 2012","Thu Oct 11 08:56:11 2012","","Cube","Feature Film","Vincenzo Natali","7.4","90","1997","horror, mystery, sci_fi, thriller","89065","1997-09-09","http://www.imdb.com/title/tt0123755/"
"87","tt0178868","Thu Oct 11 08:57:10 2012","Thu Oct 11 08:57:10 2012","","Ring","Feature Film","Hideo Nakata","7.3","96","1998","horror, mystery, thriller","32159","1998-01-31","http://www.imdb.com/title/tt0178868/"
"88","tt0162661","Thu Oct 11 08:50:55 2012","Thu Oct 11 08:50:55 2012","","Sleepy Hollow","Feature Film","Tim Burton","7.5","105","1999","horror, mystery","165799","1999-11-17","http://www.imdb.com/title/tt0162661/"
"89","tt0289043","Mon Jun 11 02:33:47 2012","Mon Jun 11 02:33:47 2012","","28 Days Later...","Feature Film","Danny Boyle","7.6","113","2002","horror, sci_fi, thriller","174164","2002-11-01","http://www.imdb.com/title/tt0289043/"
"90","tt0298130","Thu Oct 11 08:59:02 2012","Thu Oct 11 08:59:02 2012","","The Ring","Feature Film","Gore Verbinski","7.1","115","2002","horror, mystery, thriller","141303","2002-10-02","http://www.imdb.com/title/tt0298130/"
"91","tt0365376","Thu Oct 25 09:05:53 2012","Thu Oct 25 09:05:53 2012","","A Tale of Two Sisters","Feature Film","Jee-woon Kim","7.3","115","2003","drama, horror, mystery, thriller","25638","2003-06-13","http://www.imdb.com/title/tt0365376/"
"92","tt0387564","Mon Jun 11 02:33:47 2012","Mon Jun 11 02:33:47 2012","","Saw","Feature Film","James Wan","7.7","103","2004","crime, horror, mystery","177085","2004-01-19","http://www.imdb.com/title/tt0387564/"
"93","tt0363547","Mon Jun 11 02:33:47 2012","Mon Jun 11 02:33:47 2012","","Dawn of the Dead","Feature Film","Zack Snyder","7.4","101","2004","action, horror, sci_fi, thriller","118885","2004-03-10","http://www.imdb.com/title/tt0363547/"
"94","tt0365748","Thu Oct 11 08:52:14 2012","Thu Oct 11 08:52:14 2012","","Shaun of the Dead","Feature Film","Edgar Wright","8.0","99","2004","comedy, horror","220489","2004-03-29","http://www.imdb.com/title/tt0365748/"
"95","tt0360486","Mon Jun 11 02:33:47 2012","Mon Jun 11 02:33:47 2012","","Constantine","Feature Film","Francis Lawrence","6.8","121","2005","action, fantasy, horror","133323","2005-02-08","http://www.imdb.com/title/tt0360486/"
"96","tt0435625","Thu Oct 11 08:59:35 2012","Thu Oct 11 08:59:35 2012","","The Descent","Feature Film","Neil Marshall","7.3","99","2005","adventure, horror","92014","2005-03-11","http://www.imdb.com/title/tt0435625/"
"97","tt0384537","Thu Oct 11 08:59:21 2012","Thu Oct 11 08:59:21 2012","","Silent Hill","Feature Film","Christophe Gans","6.5","125","2006","horror, mystery","103786","2006-04-21","http://www.imdb.com/title/tt0384537/"
"98","tt0468492","Mon Jun 11 02:33:47 2012","Mon Jun 11 02:33:47 2012","","The Host","Feature Film","Joon-ho Bong","7.0","119","2006","horror, sci_fi, thriller","41426","2006-05-21","http://www.imdb.com/title/tt0468492/"
"99","tt1038988","Fri Jul 27 09:36:14 2012","Fri Jul 27 09:36:14 2012","","[Rec]","Feature Film","Jaume Balagueró, Paco Plaza","7.6","78","2007","horror, thriller","74336","2007-08-29","http://www.imdb.com/title/tt1038988/"
"100","tt0884328","Mon Jun 11 02:33:47 2012","Mon Jun 11 02:33:47 2012","","The Mist","Feature Film","Frank Darabont","7.3","126","2007","horror, sci_fi, thriller","129515","2007-11-21","http://www.imdb.com/title/tt0884328/"
"101","tt0462322","Thu Oct 11 08:55:33 2012","Thu Oct 11 08:55:33 2012","","Grindhouse","Feature Film","Robert Rodriguez, Eli Roth","7.7","191","2007","action, horror, thriller","110870","2007-04-06","http://www.imdb.com/title/tt0462322/"
"102","tt0450385","Thu Oct 11 08:59:09 2012","Thu Oct 11 08:59:09 2012","","1408","Feature Film","Mikael Håfström","6.8","104","2007","horror, thriller","127024","2007-06-12","http://www.imdb.com/title/tt0450385/"
"103","tt0408236","Mon Jun 11 02:33:47 2012","Mon Jun 11 02:33:47 2012","","Sweeney Todd: The Demon Barber of Fleet Street","Feature Film","Tim Burton","7.5","116","2007","drama, horror, musical, thriller","168054","2007-12-03","http://www.imdb.com/title/tt0408236/"
"104","tt1077258","Thu Oct 25 09:06:50 2012","Thu Oct 25 09:06:50 2012","","Planet Terror","Feature Film","Robert Rodriguez","7.4","","2007","action, horror, sci_fi","104194","2007-06-21","http://www.imdb.com/title/tt1077258/"
"105","tt1060277","Mon Jun 11 02:33:47 2012","Mon Jun 11 02:33:47 2012","","Cloverfield","Feature Film","Matt Reeves","7.2","85","2008","horror, sci_fi, thriller","193307","2008-01-16","http://www.imdb.com/title/tt1060277/"
"106","tt1156398","Thu Oct 11 08:48:41 2012","Thu Oct 11 08:48:41 2012","","Zombieland","Feature Film","Ruben Fleischer","7.8","88","2009","comedy, horror","191985","2009-09-25","http://www.imdb.com/title/tt1156398/"
"107","tt1127180","Thu Oct 11 08:59:30 2012","Thu Oct 11 08:59:30 2012","","Drag Me to Hell","Feature Film","Sam Raimi","6.8","99","2009","horror, thriller","96562","2009-03-15","http://www.imdb.com/title/tt1127180/"
"108","tt1591095","Thu Oct 25 09:07:11 2012","Thu Oct 25 09:07:11 2012","","Insidious","Feature Film","James Wan","6.8","103","2010","horror, thriller","71736","2010-09-14","http://www.imdb.com/title/tt1591095/"
"109","tt1465522","Mon Jun 11 02:33:47 2012","Mon Jun 11 02:33:47 2012","","Tucker and Dale vs Evil","Feature Film","Eli Craig","7.6","89","2010","comedy, horror","58968","2010-01-22","http://www.imdb.com/title/tt1465522/"
"110","tt1259521","Thu Oct  4 09:16:09 2012","Thu Oct  4 09:16:09 2012","","The Cabin in the Woods","Feature Film","Drew Goddard","7.3","95","2011","horror, mystery, thriller","100509","2011-12-10","http://www.imdb.com/title/tt1259521/"
