"position","const","created","modified","description","Title","Title type","Directors","IMDb Rating","Runtime (mins)","Year","Genres","Num. Votes","Release Date (month/day/year)","URL"
"1","tt0319061","Sun Mar 13 01:42:31 2011","Sun Mar 13 01:42:31 2011","","Big Fish","Feature Film","Tim Burton","8.0","125","2003","adventure, drama, fantasy, mystery","229705","2003-12-10","http://www.imdb.com/title/tt0319061/"
"2","tt0111161","Sun Mar 13 01:42:43 2011","Sun Mar 13 01:42:43 2011","","The Shawshank Redemption","Feature Film","Frank Darabont","9.3","142","1994","crime, drama","848739","1994-09-10","http://www.imdb.com/title/tt0111161/"
"3","tt0281358","Sun Mar 13 01:43:10 2011","Sun Mar 13 01:43:10 2011","","A Walk to Remember","Feature Film","Adam Shankman","7.2","101","2002","drama, romance","80960","2002-01-23","http://www.imdb.com/title/tt0281358/"
"4","tt0395169","Sun Mar 13 01:43:58 2011","Sun Mar 13 01:43:58 2011","","Hotel Rwanda","Feature Film","Terry George","8.2","121","2004","biography, drama, history, war","147555","2004-09-11","http://www.imdb.com/title/tt0395169/"
"5","tt1028532","Sun Mar 13 01:44:17 2011","Sun Mar 13 01:44:17 2011","","Hachi: A Dog's Tale","Feature Film","Lasse Hallström","8.1","93","2009","drama, family","40509","2009-06-13","http://www.imdb.com/title/tt1028532/"
"6","tt0434409","Sun Mar 13 01:44:32 2011","Sun Mar 13 01:44:32 2011","","V for Vendetta","Feature Film","James McTeigue","8.2","132","2005","action, sci_fi, thriller","402153","2005-12-11","http://www.imdb.com/title/tt0434409/"
"7","tt0454921","Sun Mar 13 01:45:06 2011","Sun Mar 13 01:45:06 2011","","The Pursuit of Happyness","Feature Film","Gabriele Muccino","7.8","117","2006","biography, drama","166884","2006-12-15","http://www.imdb.com/title/tt0454921/"
"8","tt0824747","Sun Mar 13 01:46:32 2011","Sun Mar 13 01:46:32 2011","","Changeling","Feature Film","Clint Eastwood","7.8","141","2008","drama, history, mystery, thriller","123429","2008-05-20","http://www.imdb.com/title/tt0824747/"
"9","tt0362227","Sun Mar 13 01:46:57 2011","Sun Mar 13 01:46:57 2011","","The Terminal","Feature Film","Steven Spielberg","7.2","128","2004","comedy, drama","155635","2004-06-09","http://www.imdb.com/title/tt0362227/"
"10","tt0814314","Sun Mar 13 01:47:15 2011","Sun Mar 13 01:47:15 2011","","Seven Pounds","Feature Film","Gabriele Muccino","7.5","123","2008","drama","132636","2008-12-19","http://www.imdb.com/title/tt0814314/"
"11","tt0162222","Sun Mar 13 01:48:58 2011","Sun Mar 13 01:48:58 2011","","Cast Away","Feature Film","Robert Zemeckis","7.6","143","2000","adventure, drama","197689","2000-12-07","http://www.imdb.com/title/tt0162222/"
"12","tt0480249","Sun Mar 13 01:49:32 2011","Sun Mar 13 01:49:32 2011","","I Am Legend","Feature Film","Francis Lawrence","7.1","101","2007","drama, sci_fi, thriller","271004","2007-12-05","http://www.imdb.com/title/tt0480249/"
"13","tt0372784","Sun Mar 13 01:51:13 2011","Sun Mar 13 01:51:13 2011","","Batman Begins","Feature Film","Christopher Nolan","8.3","140","2005","action, adventure, drama","482085","2005-06-10","http://www.imdb.com/title/tt0372784/"
"14","tt0468569","Sun Mar 13 01:51:34 2011","Sun Mar 13 01:51:34 2011","","The Dark Knight","Feature Film","Christopher Nolan","9.0","152","2008","action, crime, drama, thriller","828624","2008-07-14","http://www.imdb.com/title/tt0468569/"
"15","tt0463998","Sun Mar 13 01:52:19 2011","Sun Mar 13 01:52:19 2011","","Freedom Writers","Feature Film","Richard LaGravenese","7.4","123","2007","biography, crime, drama","30274","2007-01-05","http://www.imdb.com/title/tt0463998/"
"16","tt0414993","Sun Mar 13 01:54:06 2011","Sun Mar 13 01:54:06 2011","","The Fountain","Feature Film","Darren Aronofsky","7.3","96","2006","drama, romance, sci_fi","120881","2006-09-04","http://www.imdb.com/title/tt0414993/"
"17","tt0209144","Sun Mar 13 01:55:09 2011","Sun Mar 13 01:55:09 2011","","Memento","Feature Film","Christopher Nolan","8.6","113","2000","mystery, thriller","453088","2000-09-05","http://www.imdb.com/title/tt0209144/"
"18","tt0223897","Sun Mar 13 01:55:16 2011","Sun Mar 13 01:55:16 2011","","Pay It Forward","Feature Film","Mimi Leder","6.9","123","2000","drama","60187","2000-10-12","http://www.imdb.com/title/tt0223897/"
"19","tt1049413","Sun Mar 13 01:56:32 2011","Sun Mar 13 01:56:32 2011","","Up","Feature Film","Pete Docter, Bob Peterson","8.3","96","2009","animation, adventure, comedy, drama, family, fantasy","276696","2009-05-13","http://www.imdb.com/title/tt1049413/"
"20","tt0107048","Sun Mar 13 01:56:59 2011","Sun Mar 13 01:56:59 2011","","Groundhog Day","Feature Film","Harold Ramis","8.1","101","1993","comedy, drama, fantasy, romance","229073","1993-02-12","http://www.imdb.com/title/tt0107048/"
"21","tt0112573","Sun Mar 13 01:58:37 2011","Sun Mar 13 01:58:37 2011","","Braveheart","Feature Film","Mel Gibson","8.4","177","1995","action, biography, drama, history, war","390381","1995-05-18","http://www.imdb.com/title/tt0112573/"
"22","tt0172495","Sun Mar 13 01:58:44 2011","Sun Mar 13 01:58:44 2011","","Gladiator","Feature Film","Ridley Scott","8.5","155","2000","action, adventure, drama","478678","2000-05-01","http://www.imdb.com/title/tt0172495/"
"23","tt0421715","Sun Mar 13 01:59:16 2011","Sun Mar 13 01:59:16 2011","","The Curious Case of Benjamin Button","Feature Film","David Fincher","7.8","166","2008","drama, fantasy, mystery, romance","248715","2008-12-10","http://www.imdb.com/title/tt0421715/"
"24","tt0113277","Sun Mar 13 01:59:30 2011","Sun Mar 13 01:59:30 2011","","Heat","Feature Film","Michael Mann","8.3","170","1995","action, crime, drama, thriller","238710","1995-12-15","http://www.imdb.com/title/tt0113277/"
"25","tt0375679","Sun Mar 13 01:59:44 2011","Sun Mar 13 01:59:44 2011","","Crash","Feature Film","Paul Haggis","7.9","112","2004","drama","245974","2004-09-10","http://www.imdb.com/title/tt0375679/"
"26","tt0092005","Sun Mar 13 03:00:04 2011","Sun Mar 13 03:00:04 2011","","Stand by Me","Feature Film","Rob Reiner","8.1","89","1986","adventure, drama","146182","1986-08-08","http://www.imdb.com/title/tt0092005/"
"27","tt0340377","Sun Mar 13 03:00:23 2011","Sun Mar 13 03:00:23 2011","","The Station Agent","Feature Film","Tom Mccarthy","7.8","89","2003","comedy, drama","33664","2003-01-26","http://www.imdb.com/title/tt0340377/"
"28","tt0167404","Sun Mar 13 03:00:51 2011","Sun Mar 13 03:00:51 2011","","The Sixth Sense","Feature Film","M. Night Shyamalan","8.2","107","1999","drama, mystery, thriller","387588","1999-08-02","http://www.imdb.com/title/tt0167404/"
"29","tt0412922","Sun Mar 13 03:01:11 2011","Sun Mar 13 03:01:11 2011","","Little Manhattan","Feature Film","Mark Levin","7.5","84","2005","comedy, family, romance","10445","2005-09-26","http://www.imdb.com/title/tt0412922/"
"30","tt0420223","Sun Mar 13 03:01:28 2011","Sun Mar 13 03:01:28 2011","","Stranger Than Fiction","Feature Film","Marc Forster","7.7","113","2006","comedy, drama, fantasy, romance","121121","2006-09-09","http://www.imdb.com/title/tt0420223/"
"31","tt0405159","Sun Mar 13 03:01:45 2011","Sun Mar 13 03:01:45 2011","","Million Dollar Baby","Feature Film","Clint Eastwood","8.1","132","2004","drama, sport","243356","2004-12-15","http://www.imdb.com/title/tt0405159/"
"32","tt0083987","Sun Mar 13 03:01:59 2011","Sun Mar 13 03:01:59 2011","","Gandhi","Feature Film","Richard Attenborough","8.1","191","1982","biography, drama, history","86549","1982-11-30","http://www.imdb.com/title/tt0083987/"
"33","tt0120338","Sun Mar 13 03:02:14 2011","Sun Mar 13 03:02:14 2011","","Titanic","Feature Film","James Cameron","7.6","194","1997","drama, romance","418648","1997-11-01","http://www.imdb.com/title/tt0120338/"
"34","tt0059742","Sun Mar 13 03:02:29 2011","Sun Mar 13 03:02:29 2011","","The Sound of Music","Feature Film","Robert Wise","7.9","174","1965","biography, drama, family, musical, romance","80237","1965-03-02","http://www.imdb.com/title/tt0059742/"
"35","tt0034583","Sun Mar 13 03:02:43 2011","Sun Mar 13 03:02:43 2011","","Casablanca","Feature Film","Michael Curtiz","8.7","102","1942","drama, romance, war","236075","1942-11-26","http://www.imdb.com/title/tt0034583/"
"36","tt0338013","Sun Mar 13 03:04:03 2011","Sun Mar 13 03:04:03 2011","","Eternal Sunshine of the Spotless Mind","Feature Film","Michel Gondry","8.4","108","2004","drama, romance, sci_fi","356283","2004-03-19","http://www.imdb.com/title/tt0338013/"
"37","tt0112471","Sun Mar 13 03:04:34 2011","Sun Mar 13 03:04:34 2011","","Before Sunrise","Feature Film","Richard Linklater","8.0","105","1995","drama, romance","71619","1995-01-27","http://www.imdb.com/title/tt0112471/"
"38","tt0381681","Sun Mar 13 03:04:46 2011","Sun Mar 13 03:04:46 2011","","Before Sunset","Feature Film","Richard Linklater","8.0","80","2004","drama, romance","74812","2004-02-10","http://www.imdb.com/title/tt0381681/"
"39","tt0783233","Sun Mar 13 03:05:38 2011","Sun Mar 13 03:05:38 2011","","Atonement","Feature Film","Joe Wright","7.8","123","2007","drama, mystery, romance, war","117825","2007-08-29","http://www.imdb.com/title/tt0783233/"
"40","tt0289879","Sun Mar 13 03:07:05 2011","Sun Mar 13 03:07:05 2011","","The Butterfly Effect","Feature Film","Eric Bress, J. Mackye Gruber","7.7","113","2004","sci_fi, thriller","198090","2004-01-22","http://www.imdb.com/title/tt0289879/"
"41","tt0482571","Sun Mar 13 03:07:14 2011","Sun Mar 13 03:07:14 2011","","The Prestige","Feature Film","Christopher Nolan","8.5","130","2006","drama, mystery, thriller","386516","2006-10-17","http://www.imdb.com/title/tt0482571/"
"42","tt0410297","Sun Mar 13 03:08:01 2011","Sun Mar 13 03:08:01 2011","","The Lake House","Feature Film","Alejandro Agresti","6.7","99","2006","drama, fantasy, romance","67194","2006-06-16","http://www.imdb.com/title/tt0410297/"
"43","tt0159273","Sun Mar 13 03:08:31 2011","Sun Mar 13 03:08:31 2011","","Behind Enemy Lines","Feature Film","John Moore","6.2","106","2001","action, war, drama, thriller","54448","2001-11-17","http://www.imdb.com/title/tt0159273/"
"44","tt0978762","Sun Mar 13 03:08:43 2011","Sun Mar 13 03:08:43 2011","","Mary and Max","Feature Film","Adam Elliot","8.2","92","2009","animation, comedy, drama","49224","2009-01-15","http://www.imdb.com/title/tt0978762/"
"45","tt0138097","Sun Mar 13 03:09:25 2011","Sun Mar 13 03:09:25 2011","","Shakespeare in Love","Feature Film","John Madden","7.2","123","1998","comedy, drama, romance","111334","1998-12-03","http://www.imdb.com/title/tt0138097/"
"46","tt0120632","Sun Mar 13 03:10:54 2011","Sun Mar 13 03:10:54 2011","","City of Angels","Feature Film","Brad Silberling","6.5","114","1998","drama, fantasy, romance, thriller","61472","1998-04-10","http://www.imdb.com/title/tt0120632/"
"47","tt0060196","Sun Mar 13 03:11:32 2011","Sun Mar 13 03:11:32 2011","","The Good, the Bad and the Ugly","Feature Film","Sergio Leone","9.0","161","1966","adventure, western","261400","1966-12-23","http://www.imdb.com/title/tt0060196/"
"48","tt0046250","Sun Mar 13 03:12:10 2011","Sun Mar 13 03:12:10 2011","","Roman Holiday","Feature Film","William Wyler","8.1","118","1953","comedy, drama, romance","50859","1953-08-27","http://www.imdb.com/title/tt0046250/"
"49","tt0822832","Sun Mar 13 03:12:43 2011","Sun Mar 13 03:12:43 2011","","Marley & Me","Feature Film","David Frankel","7.0","115","2008","comedy, drama, family, romance","65920","2008-12-25","http://www.imdb.com/title/tt0822832/"
"50","tt0457939","Sun Mar 13 03:13:07 2011","Sun Mar 13 03:13:07 2011","","The Holiday","Feature Film","Nancy Meyers","6.8","138","2006","comedy, romance","95940","2006-12-05","http://www.imdb.com/title/tt0457939/"
"51","tt0910970","Sun Mar 13 03:13:36 2011","Sun Mar 13 03:13:36 2011","","WALL·E","Feature Film","Andrew Stanton","8.5","98","2008","animation, adventure, family, romance, sci_fi","339077","2008-06-23","http://www.imdb.com/title/tt0910970/"
"52","tt0169547","Sun Mar 13 03:14:38 2011","Sun Mar 13 03:14:38 2011","","American Beauty","Feature Film","Sam Mendes","8.5","122","1999","drama","454980","1999-09-08","http://www.imdb.com/title/tt0169547/"
"53","tt0100405","Sun Mar 13 03:15:11 2011","Sun Mar 13 03:15:11 2011","","Pretty Woman","Feature Film","Garry Marshall","6.8","119","1990","comedy, romance","112213","1990-03-23","http://www.imdb.com/title/tt0100405/"
"54","tt0382932","Sun Mar 13 03:16:51 2011","Sun Mar 13 03:16:51 2011","","Ratatouille","Feature Film","Brad Bird, Jan Pinkava","8.0","111","2007","animation, comedy, family, fantasy","245770","2007-06-22","http://www.imdb.com/title/tt0382932/"
"55","tt0107290","Sun Mar 13 03:17:37 2011","Sun Mar 13 03:17:37 2011","","Jurassic Park","Feature Film","Steven Spielberg","8.0","127","1993","adventure, family, sci_fi","255823","1993-06-09","http://www.imdb.com/title/tt0107290/"
"56","tt0088247","Sun Mar 13 03:17:54 2011","Sun Mar 13 03:17:54 2011","","The Terminator","Feature Film","James Cameron","8.1","107","1984","action, sci_fi","305519","1984-10-26","http://www.imdb.com/title/tt0088247/"
"57","tt0103064","Sun Mar 13 03:19:58 2011","Sun Mar 13 03:19:58 2011","","Terminator 2: Judgment Day","Feature Film","James Cameron","8.6","137","1991","action, sci_fi, thriller","391566","1991-07-01","http://www.imdb.com/title/tt0103064/"
"58","tt0414387","Sun Mar 13 03:20:12 2011","Sun Mar 13 03:20:12 2011","","Pride & Prejudice","Feature Film","Joe Wright","7.7","127","2005","drama, romance","101421","2005-07-25","http://www.imdb.com/title/tt0414387/"
"59","tt0230600","Sun Mar 13 03:20:46 2011","Sun Mar 13 03:20:46 2011","","The Others","Feature Film","Alejandro Amenábar","7.6","101","2001","drama, mystery, thriller","156553","2001-08-02","http://www.imdb.com/title/tt0230600/"
"60","tt0309698","Sun Mar 13 03:21:14 2011","Sun Mar 13 03:21:14 2011","","Identity","Feature Film","James Mangold","7.3","90","2003","mystery, thriller","102048","2003-04-25","http://www.imdb.com/title/tt0309698/"
"61","tt0435625","Sun Mar 13 03:21:22 2011","Sun Mar 13 03:21:22 2011","","The Descent","Feature Film","Neil Marshall","7.3","99","2005","adventure, horror","92014","2005-03-11","http://www.imdb.com/title/tt0435625/"
"62","tt0110413","Sun Mar 13 03:22:02 2011","Sun Mar 13 03:22:02 2011","","Léon: The Professional","Feature Film","Luc Besson","8.6","110","1994","crime, drama, thriller","361903","1994-09-14","http://www.imdb.com/title/tt0110413/"
"63","tt0110357","Sun Mar 13 03:22:19 2011","Sun Mar 13 03:22:19 2011","","The Lion King","Feature Film","Roger Allers, Rob Minkoff","8.4","89","1994","animation, adventure, comedy, drama, family, musical","279530","1994-06-15","http://www.imdb.com/title/tt0110357/"
"64","tt1403981","Sun Mar 13 03:23:34 2011","Sun Mar 13 03:23:34 2011","","Remember Me","Feature Film","Allen Coulter","7.1","113","2010","drama, romance","57590","2010-03-01","http://www.imdb.com/title/tt1403981/"
"65","tt0817177","Sun Mar 13 03:24:02 2011","Sun Mar 13 03:24:02 2011","","Flipped","Feature Film","Rob Reiner","7.6","90","2010","comedy, drama, romance","21747","2010-08-06","http://www.imdb.com/title/tt0817177/"
"66","tt0988595","Sun Mar 13 03:24:10 2011","Sun Mar 13 03:24:10 2011","","27 Dresses","Feature Film","Anne Fletcher","6.0","111","2008","comedy, romance","61658","2008-01-09","http://www.imdb.com/title/tt0988595/"
"67","tt0078346","Sun Mar 13 03:24:38 2011","Sun Mar 13 03:24:38 2011","","Superman","Feature Film","Richard Donner","7.3","143","1978","action, adventure, sci_fi","77262","1978-12-10","http://www.imdb.com/title/tt0078346/"
"68","tt0857191","Sun Mar 13 03:25:03 2011","Sun Mar 13 03:25:03 2011","","The Visitor","Feature Film","Tom McCarthy","7.7","104","2007","crime, drama, music, romance","26179","2007-09-07","http://www.imdb.com/title/tt0857191/"
"69","tt0090021","Sun Mar 13 03:25:19 2011","Sun Mar 13 03:25:19 2011","","Silver Bullet","Feature Film","Daniel Attias","6.1","95","1985","adventure, drama, horror, mystery, thriller","9711","1985-10-11","http://www.imdb.com/title/tt0090021/"
"70","tt0327597","Sun Mar 13 03:25:42 2011","Sun Mar 13 03:25:42 2011","","Coraline","Feature Film","Henry Selick","7.7","100","2009","animation, fantasy, thriller","78046","2009-02-05","http://www.imdb.com/title/tt0327597/"
"71","tt0078748","Sun Mar 13 03:26:00 2011","Sun Mar 13 03:26:00 2011","","Alien","Feature Film","Ridley Scott","8.5","117","1979","horror, sci_fi","292981","1979-05-25","http://www.imdb.com/title/tt0078748/"
"72","tt0147800","Sun Mar 13 03:26:21 2011","Sun Mar 13 03:26:21 2011","","10 Things I Hate About You","Feature Film","Gil Junger","7.0","97","1999","comedy, romance","115085","1999-03-31","http://www.imdb.com/title/tt0147800/"
"73","tt0090605","Sun Mar 13 03:26:50 2011","Sun Mar 13 03:26:50 2011","","Aliens","Feature Film","James Cameron","8.5","137","1986","action, adventure, sci_fi, thriller","267735","1986-07-18","http://www.imdb.com/title/tt0090605/"
"74","tt1139797","Sun Mar 13 03:27:12 2011","Sun Mar 13 03:27:12 2011","","Let the Right One In","Feature Film","Tomas Alfredson","8.0","115","2008","drama, horror, romance","113560","2008-01-26","http://www.imdb.com/title/tt1139797/"
"75","tt1205489","Sun Mar 13 03:27:37 2011","Sun Mar 13 03:27:37 2011","","Gran Torino","Feature Film","Clint Eastwood","8.3","116","2008","drama","277992","2008-12-09","http://www.imdb.com/title/tt1205489/"
"76","tt0936501","Sun Mar 13 03:27:58 2011","Sun Mar 13 03:27:58 2011","","Taken","Feature Film","Pierre Morel","7.9","93","2008","action, crime, thriller","252457","2008-02-27","http://www.imdb.com/title/tt0936501/"
"77","tt0215750","Sun Mar 13 03:28:17 2011","Sun Mar 13 03:28:17 2011","","Enemy at the Gates","Feature Film","Jean-Jacques Annaud","7.5","131","2001","drama, history, thriller, war","105046","2001-02-07","http://www.imdb.com/title/tt0215750/"
"78","tt0093773","Sun Mar 13 03:28:38 2011","Sun Mar 13 03:28:38 2011","","Predator","Feature Film","John McTiernan","7.9","107","1987","action, adventure, sci_fi","163546","1987-06-12","http://www.imdb.com/title/tt0093773/"
"79","tt0120815","Sun Mar 13 03:29:02 2011","Sun Mar 13 03:29:02 2011","","Saving Private Ryan","Feature Film","Steven Spielberg","8.6","169","1998","action, drama, war","439712","1998-07-24","http://www.imdb.com/title/tt0120815/"
"80","tt0105695","Sun Mar 13 03:29:22 2011","Sun Mar 13 03:29:22 2011","","Unforgiven","Feature Film","Clint Eastwood","8.4","131","1992","western","156567","1992-08-03","http://www.imdb.com/title/tt0105695/"
"81","tt0094226","Sun Mar 13 03:29:40 2011","Sun Mar 13 03:29:40 2011","","The Untouchables","Feature Film","Brian De Palma","8.0","119","1987","crime, drama, history, thriller","130824","1987-06-02","http://www.imdb.com/title/tt0094226/"
"82","tt0758758","Sun Mar 13 03:30:02 2011","Sun Mar 13 03:30:02 2011","","Into the Wild","Feature Film","Sean Penn","8.2","148","2007","adventure, biography, drama","201601","2007-09-01","http://www.imdb.com/title/tt0758758/"
"83","tt0780536","Sun Mar 13 03:30:28 2011","Sun Mar 13 03:30:28 2011","","In Bruges","Feature Film","Martin McDonagh","8.0","107","2008","comedy, crime, drama, thriller","181957","2008-01-17","http://www.imdb.com/title/tt0780536/"
"84","tt0289043","Sun Mar 13 03:30:46 2011","Sun Mar 13 03:30:46 2011","","28 Days Later...","Feature Film","Danny Boyle","7.6","113","2002","horror, sci_fi, thriller","174164","2002-11-01","http://www.imdb.com/title/tt0289043/"
"85","tt0463854","Sun Mar 13 03:30:55 2011","Sun Mar 13 03:30:55 2011","","28 Weeks Later","Feature Film","Juan Carlos Fresnadillo","7.0","100","2007","horror, sci_fi, thriller","122908","2007-04-26","http://www.imdb.com/title/tt0463854/"
"86","tt0126029","Sun Mar 13 03:31:25 2011","Sun Mar 13 03:31:25 2011","","Shrek","Feature Film","Andrew Adamson, Vicky Jenson","7.9","90","2001","animation, adventure, comedy, family, fantasy","261513","2001-04-22","http://www.imdb.com/title/tt0126029/"
"87","tt0381849","Sun Mar 13 03:31:49 2011","Sun Mar 13 03:31:49 2011","","3:10 to Yuma","Feature Film","James Mangold","7.8","122","2007","action, crime, drama, western","149794","2007-08-21","http://www.imdb.com/title/tt0381849/"
"88","tt0452623","Sun Mar 13 03:32:11 2011","Sun Mar 13 03:32:11 2011","","Gone Baby Gone","Feature Film","Ben Affleck","7.8","114","2007","crime, drama, mystery, thriller","107798","2007-09-05","http://www.imdb.com/title/tt0452623/"
"89","tt0450259","Sun Mar 13 03:32:34 2011","Sun Mar 13 03:32:34 2011","","Blood Diamond","Feature Film","Edward Zwick","8.0","143","2006","adventure, drama, thriller","210362","2006-12-08","http://www.imdb.com/title/tt0450259/"
"90","tt0399146","Sun Mar 13 03:33:00 2011","Sun Mar 13 03:33:00 2011","","A History of Violence","Feature Film","David Cronenberg","7.6","96","2005","action, crime, drama, mystery, thriller","124310","2005-05-16","http://www.imdb.com/title/tt0399146/"
"91","tt0396171","Sun Mar 13 03:33:19 2011","Sun Mar 13 03:33:19 2011","","Perfume: The Story of a Murderer","Feature Film","Tom Tykwer","7.5","147","2006","drama, fantasy","105968","2006-09-07","http://www.imdb.com/title/tt0396171/"
"92","tt0460740","Sun Mar 13 03:33:46 2011","Sun Mar 13 03:33:46 2011","","Cashback","Feature Film","Sean Ellis","7.3","102","2006","comedy, drama, romance","43005","2006-05-18","http://www.imdb.com/title/tt0460740/"
"93","tt0376541","Sun Mar 13 03:34:03 2011","Sun Mar 13 03:34:03 2011","","Closer","Feature Film","Mike Nichols","7.3","104","2004","drama, romance","112571","2004-12-03","http://www.imdb.com/title/tt0376541/"
"94","tt0329575","Sun Mar 13 03:34:28 2011","Sun Mar 13 03:34:28 2011","","Seabiscuit","Feature Film","Gary Ross","7.3","140","2003","drama, history, sport","41612","2003-07-22","http://www.imdb.com/title/tt0329575/"
"95","tt0186151","Sun Mar 13 03:34:58 2011","Sun Mar 13 03:34:58 2011","","Frequency","Feature Film","Gregory Hoblit","7.3","118","2000","crime, drama, sci_fi, thriller","53678","2000-04-28","http://www.imdb.com/title/tt0186151/"
"96","tt0431197","Sun Mar 13 03:35:17 2011","Sun Mar 13 03:35:17 2011","","The Kingdom","Feature Film","Peter Berg","7.0","110","2007","action, drama, thriller","70094","2007-08-22","http://www.imdb.com/title/tt0431197/"
"97","tt0195685","Sun Mar 13 03:35:43 2011","Sun Mar 13 03:35:43 2011","","Erin Brockovich","Feature Film","Steven Soderbergh","7.2","131","2000","biography, drama","83249","2000-03-14","http://www.imdb.com/title/tt0195685/"
"98","tt1193138","Sun Mar 13 03:36:04 2011","Sun Mar 13 03:36:04 2011","","Up in the Air","Feature Film","Jason Reitman","7.6","109","2009","drama, romance","155534","2009-09-05","http://www.imdb.com/title/tt1193138/"
"99","tt0102926","Sun Mar 13 03:36:36 2011","Sun Mar 13 03:36:36 2011","","The Silence of the Lambs","Feature Film","Jonathan Demme","8.7","118","1991","thriller","415003","1991-01-30","http://www.imdb.com/title/tt0102926/"
"100","tt0443274","Sun Mar 13 03:37:03 2011","Sun Mar 13 03:37:03 2011","","Vantage Point","Feature Film","Pete Travis","6.6","90","2008","action, crime, drama, thriller","87718","2008-02-13","http://www.imdb.com/title/tt0443274/"
"101","tt0278504","Sun Mar 13 03:37:17 2011","Sun Mar 13 03:37:17 2011","","Insomnia","Feature Film","Christopher Nolan","7.2","118","2002","crime, mystery, thriller","125524","2002-05-03","http://www.imdb.com/title/tt0278504/"
"102","tt0397892","Sun Mar 13 03:37:47 2011","Sun Mar 13 03:37:47 2011","","Bolt","Feature Film","Byron Howard, Chris Williams","7.1","96","2008","animation, adventure, comedy, family","74622","2008-11-17","http://www.imdb.com/title/tt0397892/"
"103","tt0431308","Sun Mar 13 03:38:05 2011","Sun Mar 13 03:38:05 2011","","P.S. I Love You","Feature Film","Richard LaGravenese","6.9","126","2007","drama, romance","82735","2007-12-20","http://www.imdb.com/title/tt0431308/"
"104","tt0115956","Sun Mar 13 03:38:40 2011","Sun Mar 13 03:38:40 2011","","Courage Under Fire","Feature Film","Edward Zwick","6.5","117","1996","action, drama, mystery, thriller, war","25420","1996-07-12","http://www.imdb.com/title/tt0115956/"
"105","tt0425112","Sun Mar 13 03:39:03 2011","Sun Mar 13 03:39:03 2011","","Hot Fuzz","Feature Film","Edgar Wright","7.9","121","2007","action, comedy","196520","2007-02-14","http://www.imdb.com/title/tt0425112/"
"106","tt0365748","Sun Mar 13 03:39:13 2011","Sun Mar 13 03:39:13 2011","","Shaun of the Dead","Feature Film","Edgar Wright","8.0","99","2004","comedy, horror","220489","2004-03-29","http://www.imdb.com/title/tt0365748/"
"107","tt0822854","Sun Mar 13 03:39:38 2011","Sun Mar 13 03:39:38 2011","","Shooter","Feature Film","Antoine Fuqua","7.1","124","2007","action, crime, mystery, thriller","135564","2007-03-08","http://www.imdb.com/title/tt0822854/"
"108","tt0117500","Sun Mar 13 03:40:07 2011","Sun Mar 13 03:40:07 2011","","The Rock","Feature Film","Michael Bay","7.3","136","1996","action, adventure, thriller","167281","1996-06-07","http://www.imdb.com/title/tt0117500/"
"109","tt1130884","Sun Mar 13 03:40:33 2011","Sun Mar 13 03:40:33 2011","","Shutter Island","Feature Film","Martin Scorsese","8.0","138","2010","mystery, thriller","322940","2010-02-13","http://www.imdb.com/title/tt1130884/"
"110","tt0317705","Sun Mar 13 03:41:00 2011","Sun Mar 13 03:41:00 2011","","The Incredibles","Feature Film","Brad Bird","8.0","115","2004","animation, action, adventure, family","263249","2004-10-27","http://www.imdb.com/title/tt0317705/"
"111","tt0407887","Sun Mar 13 03:41:20 2011","Sun Mar 13 03:41:20 2011","","The Departed","Feature Film","Martin Scorsese","8.5","151","2006","crime, drama, thriller","434428","2006-09-26","http://www.imdb.com/title/tt0407887/"
"112","tt0029583","Sun Mar 13 03:41:59 2011","Sun Mar 13 03:41:59 2011","","Snow White and the Seven Dwarfs","Feature Film","William Cottrell, David Hand","7.8","83","1937","animation, family, fantasy, musical, romance","69457","1937-12-21","http://www.imdb.com/title/tt0029583/"
"113","tt0119217","Sun Mar 13 03:42:52 2011","Sun Mar 13 03:42:52 2011","","Good Will Hunting","Feature Film","Gus Van Sant","8.2","126","1997","drama","275086","1997-12-02","http://www.imdb.com/title/tt0119217/"
"114","tt0119822","Sun Mar 13 03:43:01 2011","Sun Mar 13 03:43:01 2011","","As Good as It Gets","Feature Film","James L. Brooks","7.8","139","1997","comedy, drama, romance","143880","1997-12-19","http://www.imdb.com/title/tt0119822/"
"115","tt0095953","Sun Mar 13 03:43:24 2011","Sun Mar 13 03:43:24 2011","","Rain Man","Feature Film","Barry Levinson","8.0","133","1988","drama","205777","1988-12-12","http://www.imdb.com/title/tt0095953/"
"116","tt0106965","Sun Mar 13 03:43:56 2011","Sun Mar 13 03:43:56 2011","","Free Willy","Feature Film","Simon Wincer","5.6","112","1993","family, adventure, drama","26873","1993-07-16","http://www.imdb.com/title/tt0106965/"
"117","tt0452694","Sun Mar 13 03:44:17 2011","Sun Mar 13 03:44:17 2011","","The Time Traveler's Wife","Feature Film","Robert Schwentke","7.0","107","2009","drama, fantasy, romance, sci_fi","61172","2009-08-14","http://www.imdb.com/title/tt0452694/"
"118","tt0099077","Sun Mar 13 03:44:48 2011","Sun Mar 13 03:44:48 2011","","Awakenings","Feature Film","Penny Marshall","7.6","121","1990","biography, drama","51327","1990-12-12","http://www.imdb.com/title/tt0099077/"
"119","tt0878804","Sun Mar 13 03:45:13 2011","Sun Mar 13 03:45:13 2011","","The Blind Side","Feature Film","John Lee Hancock","7.6","129","2009","biography, drama, sport","101225","2009-11-17","http://www.imdb.com/title/tt0878804/"
"120","tt0422783","Sun Mar 13 03:45:32 2011","Sun Mar 13 03:45:32 2011","","Music Within","Feature Film","Steven Sawalich","7.3","94","2007","biography, comedy, drama, music, romance, war","3763","2007-01-05","http://www.imdb.com/title/tt0422783/"
"121","tt0449059","Sun Mar 13 03:45:48 2011","Sun Mar 13 03:45:48 2011","","Little Miss Sunshine","Feature Film","Jonathan Dayton, Valerie Faris","7.9","101","2006","adventure, comedy, drama","217920","2006-01-20","http://www.imdb.com/title/tt0449059/"
"122","tt0448134","Sun Mar 13 03:46:08 2011","Sun Mar 13 03:46:08 2011","","Sunshine","Feature Film","Danny Boyle","7.3","107","2007","adventure, sci_fi, thriller","115339","2007-03-23","http://www.imdb.com/title/tt0448134/"
"123","tt0259446","Sun Mar 13 03:46:41 2011","Sun Mar 13 03:46:41 2011","","My Big Fat Greek Wedding","Feature Film","Joel Zwick","6.5","95","2002","comedy, romance","67220","2002-02-22","http://www.imdb.com/title/tt0259446/"
"124","tt0385880","Sun Mar 13 03:47:11 2011","Sun Mar 13 03:47:11 2011","","Monster House","Feature Film","Gil Kenan","6.7","91","2006","animation, comedy, family, fantasy, mystery","37528","2006-06-15","http://www.imdb.com/title/tt0385880/"
"125","tt0465602","Sun Mar 13 03:47:37 2011","Sun Mar 13 03:47:37 2011","","Shoot 'Em Up","Feature Film","Michael Davis","6.8","86","2007","action, comedy, crime, thriller","94076","2007-07-26","http://www.imdb.com/title/tt0465602/"
"126","tt0120660","Sun Mar 13 03:47:57 2011","Sun Mar 13 03:47:57 2011","","Enemy of the State","Feature Film","Tony Scott","7.2","132","1998","action, drama, thriller","115501","1998-11-16","http://www.imdb.com/title/tt0120660/"
"127","tt0118799","Sun Mar 13 03:48:17 2011","Sun Mar 13 03:48:17 2011","","Life Is Beautiful","Feature Film","Roberto Benigni","8.5","116","1997","comedy, drama, romance, war","185149","1997-12-20","http://www.imdb.com/title/tt0118799/"
"128","tt0914798","Sun Mar 13 03:48:41 2011","Sun Mar 13 03:48:41 2011","","The Boy in the Striped Pajamas","Feature Film","Mark Herman","7.8","94","2008","drama, history, war","54547","2008-08-28","http://www.imdb.com/title/tt0914798/"
"129","tt0118556","Sun Mar 13 03:49:14 2011","Sun Mar 13 03:49:14 2011","","Addicted to Love","Feature Film","Griffin Dunne","5.9","100","1997","comedy, romance","14025","1997-05-23","http://www.imdb.com/title/tt0118556/"
"130","tt0099487","Sun Mar 13 03:49:45 2011","Sun Mar 13 03:49:45 2011","","Edward Scissorhands","Feature Film","Tim Burton","8.0","105","1990","drama, fantasy, romance","198810","1990-12-06","http://www.imdb.com/title/tt0099487/"
"131","tt0312004","Sun Mar 13 03:50:24 2011","Sun Mar 13 03:50:24 2011","","Wallace & Gromit in The Curse of the Were-Rabbit","Feature Film","Steve Box, Nick Park","7.7","85","2005","animation, adventure, comedy, family","60451","2005-09-04","http://www.imdb.com/title/tt0312004/"
"132","tt0140352","Sun Mar 13 03:51:30 2011","Sun Mar 13 03:51:30 2011","","The Insider","Feature Film","Michael Mann","7.9","157","1999","biography, drama, thriller","92229","1999-10-28","http://www.imdb.com/title/tt0140352/"
"133","tt0328107","Sun Mar 13 03:52:06 2011","Sun Mar 13 03:52:06 2011","","Man on Fire","Feature Film","Tony Scott","7.7","146","2004","action, thriller","149603","2004-04-21","http://www.imdb.com/title/tt0328107/"
"134","tt0448011","Sun Mar 13 03:52:40 2011","Sun Mar 13 03:52:40 2011","","Knowing","Feature Film","Alex Proyas","6.2","121","2009","drama, mystery, sci_fi, thriller","114735","2009-03-09","http://www.imdb.com/title/tt0448011/"
"135","tt0134847","Sun Mar 13 03:53:02 2011","Sun Mar 13 03:53:02 2011","","Pitch Black","Feature Film","David Twohy","7.1","109","2000","action, sci_fi, thriller","107543","2000-02-18","http://www.imdb.com/title/tt0134847/"
"136","tt0100802","Sun Mar 13 03:53:25 2011","Sun Mar 13 03:53:25 2011","","Total Recall","Feature Film","Paul Verhoeven","7.5","113","1990","action, adventure, mystery, sci_fi, thriller","135054","1990-06-01","http://www.imdb.com/title/tt0100802/"
"137","tt0181689","Sun Mar 13 03:53:41 2011","Sun Mar 13 03:53:41 2011","","Minority Report","Feature Film","Steven Spielberg","7.7","145","2002","action, mystery, sci_fi, thriller","229208","2002-06-17","http://www.imdb.com/title/tt0181689/"
"138","tt1375666","Sun Mar 13 03:54:19 2011","Sun Mar 13 03:54:19 2011","","Inception","Feature Film","Christopher Nolan","8.8","148","2010","action, adventure, mystery, sci_fi, thriller","647470","2010-07-08","http://www.imdb.com/title/tt1375666/"
"139","tt0361862","Sun Mar 13 03:54:42 2011","Sun Mar 13 03:54:42 2011","","The Machinist","Feature Film","Brad Anderson","7.8","101","2004","drama, thriller","146707","2004-01-18","http://www.imdb.com/title/tt0361862/"
"140","tt0462504","Sun Mar 13 03:55:02 2011","Sun Mar 13 03:55:02 2011","","Rescue Dawn","Feature Film","Werner Herzog","7.4","126","2006","adventure, biography, drama, war","55491","2006-09-09","http://www.imdb.com/title/tt0462504/"
"141","tt0074452","Sun Mar 13 03:55:24 2011","Sun Mar 13 03:55:24 2011","","The Eagle Has Landed","Feature Film","John Sturges","6.9","135","1976","adventure, drama, thriller, war","8946","1976-12-25","http://www.imdb.com/title/tt0074452/"
"142","tt0065207","Sun Mar 13 03:55:48 2011","Sun Mar 13 03:55:48 2011","","Where Eagles Dare","Feature Film","Brian G. Hutton","7.7","158","1968","action, adventure, war","24984","1968-12-04","http://www.imdb.com/title/tt0065207/"
"143","tt0054953","Sun Mar 13 03:56:11 2011","Sun Mar 13 03:56:11 2011","","The Guns of Navarone","Feature Film","J. Lee Thompson","7.6","158","1961","action, adventure, drama, war","22580","1961-04-27","http://www.imdb.com/title/tt0054953/"
"144","tt0081059","Sun Mar 13 03:56:30 2011","Sun Mar 13 03:56:30 2011","","Lion of the Desert","Feature Film","Moustapha Akkad","7.8","173","1981","biography, drama, history, war","4764","1981-04-17","http://www.imdb.com/title/tt0081059/"
"145","tt0485851","Sun Mar 13 03:57:32 2011","Sun Mar 13 03:57:32 2011","","The Air I Breathe","Feature Film","Jieho Lee","6.9","95","2007","crime, drama, thriller","25496","2007-02-08","http://www.imdb.com/title/tt0485851/"
"146","tt0096895","Sun Mar 13 03:59:53 2011","Sun Mar 13 03:59:53 2011","","Batman","Feature Film","Tim Burton","7.6","126","1989","action, fantasy","167253","1989-06-19","http://www.imdb.com/title/tt0096895/"
"147","tt0103776","Sun Mar 13 04:00:00 2011","Sun Mar 13 04:00:00 2011","","Batman Returns","Feature Film","Tim Burton","7.0","126","1992","action, fantasy","127371","1992-06-16","http://www.imdb.com/title/tt0103776/"
"148","tt0111503","Sun Mar 13 04:00:21 2011","Sun Mar 13 04:00:21 2011","","True Lies","Feature Film","James Cameron","7.2","141","1994","action, thriller","118114","1994-07-15","http://www.imdb.com/title/tt0111503/"
"149","tt0096754","Sun Mar 13 04:00:31 2011","Sun Mar 13 04:00:31 2011","","The Abyss","Feature Film","James Cameron","7.6","","1989","adventure, drama, sci_fi, thriller","82531","1989-08-09","http://www.imdb.com/title/tt0096754/"
"150","tt0756683","Sun Mar 13 04:01:00 2011","Sun Mar 13 04:01:00 2011","","The Man from Earth","Feature Film","Richard Schenkman","7.9","87","2007","drama, sci_fi","63468","2007-06-10","http://www.imdb.com/title/tt0756683/"
"151","tt0412080","Sun Mar 13 04:01:30 2011","Sun Mar 13 04:01:30 2011","","The World's Fastest Indian","Feature Film","Roger Donaldson","7.8","127","2005","biography, drama, sport","28888","2005-09-10","http://www.imdb.com/title/tt0412080/"
"152","tt0119643","Sun Mar 13 04:01:37 2011","Sun Mar 13 04:01:37 2011","","Meet Joe Black","Feature Film","Martin Brest","7.0","178","1998","drama, fantasy, mystery, romance","98225","1998-11-02","http://www.imdb.com/title/tt0119643/"
"153","tt0454848","Sun Mar 13 04:02:13 2011","Sun Mar 13 04:02:13 2011","","Inside Man","Feature Film","Spike Lee","7.7","129","2006","crime, drama, thriller","159163","2006-03-16","http://www.imdb.com/title/tt0454848/"
"154","tt0258463","Sun Mar 13 04:03:07 2011","Sun Mar 13 04:03:07 2011","","The Bourne Identity","Feature Film","Doug Liman","7.9","119","2002","action, crime, mystery, thriller","223237","2002-06-06","http://www.imdb.com/title/tt0258463/"
"155","tt0372183","Sun Mar 13 04:03:44 2011","Sun Mar 13 04:03:44 2011","","The Bourne Supremacy","Feature Film","Paul Greengrass","7.7","108","2004","action, crime, thriller","190067","2004-07-15","http://www.imdb.com/title/tt0372183/"
"156","tt0440963","Sun Mar 13 04:03:50 2011","Sun Mar 13 04:03:50 2011","","The Bourne Ultimatum","Feature Film","Paul Greengrass","8.1","115","2007","action, crime, thriller","260769","2007-07-25","http://www.imdb.com/title/tt0440963/"
"157","tt0398286","Sun Mar 13 04:04:38 2011","Sun Mar 13 04:04:38 2011","","Tangled","Feature Film","Nathan Greno, Byron Howard","7.8","100","2010","animation, comedy, family, fantasy, musical, romance","108446","2010-11-24","http://www.imdb.com/title/tt0398286/"
"158","tt0088763","Sun Mar 13 04:04:50 2011","Sun Mar 13 04:04:50 2011","","Back to the Future","Feature Film","Robert Zemeckis","8.5","116","1985","adventure, comedy, sci_fi","343682","1985-07-03","http://www.imdb.com/title/tt0088763/"
"159","tt0096874","Sun Mar 13 04:04:58 2011","Sun Mar 13 04:04:58 2011","","Back to the Future Part II","Feature Film","Robert Zemeckis","7.7","108","1989","adventure, comedy, sci_fi","161331","1989-11-20","http://www.imdb.com/title/tt0096874/"
"160","tt0099088","Sun Mar 13 04:05:11 2011","Sun Mar 13 04:05:11 2011","","Back to the Future Part III","Feature Film","Robert Zemeckis","7.3","118","1990","adventure, comedy, sci_fi, western","135562","1990-05-25","http://www.imdb.com/title/tt0099088/"
"161","tt0083907","Sun Mar 13 04:05:18 2011","Sun Mar 13 04:05:18 2011","","The Evil Dead","Feature Film","Sam Raimi","7.6","85","1981","horror","73389","1981-10-15","http://www.imdb.com/title/tt0083907/"
"162","tt0340163","Sun Mar 13 04:05:48 2011","Sun Mar 13 04:05:48 2011","","Hostage","Feature Film","Florent Siri","6.6","113","2005","crime, drama, mystery, thriller","62765","2005-03-09","http://www.imdb.com/title/tt0340163/"
"163","tt0083944","Sun Mar 13 04:06:03 2011","Sun Mar 13 04:06:03 2011","","First Blood","Feature Film","Ted Kotcheff","7.6","93","1982","action, adventure, drama, thriller","101005","1982-10-22","http://www.imdb.com/title/tt0083944/"
"164","tt0089880","Sun Mar 13 09:31:26 2011","Sun Mar 13 09:31:26 2011","","Rambo: First Blood Part II","Feature Film","George P. Cosmatos","6.2","96","1985","action, adventure, thriller, war","67353","1985-05-22","http://www.imdb.com/title/tt0089880/"
"165","tt0095016","Sun Mar 13 04:06:25 2011","Sun Mar 13 04:06:25 2011","","Die Hard","Feature Film","John McTiernan","8.3","131","1988","action, thriller","315138","1988-07-15","http://www.imdb.com/title/tt0095016/"
"166","tt0111257","Sun Mar 13 04:06:39 2011","Sun Mar 13 04:06:39 2011","","Speed","Feature Film","Jan de Bont","7.2","116","1994","action, crime, thriller","152542","1994-06-10","http://www.imdb.com/title/tt0111257/"
"167","tt0088944","Sun Mar 13 04:06:53 2011","Sun Mar 13 04:06:53 2011","","Commando","Feature Film","Mark L. Lester","6.5","90","1985","action, thriller","62472","1985-10-04","http://www.imdb.com/title/tt0088944/"
"168","tt0892769","Sun Mar 13 04:07:25 2011","Sun Mar 13 04:07:25 2011","","How to Train Your Dragon","Feature Film","Dean DeBlois, Chris Sanders","8.2","98","2010","animation, adventure, comedy, drama, family, fantasy","176678","2010-03-18","http://www.imdb.com/title/tt0892769/"
"169","tt0862856","Sun Mar 13 04:07:38 2011","Sun Mar 13 04:07:38 2011","","Trick 'r Treat","Feature Film","Michael Dougherty","6.8","82","2007","comedy, horror, thriller","34915","2007-12-09","http://www.imdb.com/title/tt0862856/"
"170","tt1022603","Sun Mar 13 04:07:49 2011","Sun Mar 13 04:07:49 2011","","(500) Days of Summer","Feature Film","Marc Webb","7.9","95","2009","comedy, drama, romance","188045","2009-01-17","http://www.imdb.com/title/tt1022603/"
"171","tt0110475","Sun Mar 13 04:08:07 2011","Sun Mar 13 04:08:07 2011","","The Mask","Feature Film","Charles Russell","6.7","101","1994","action, comedy, crime, fantasy, romance","137553","1994-07-29","http://www.imdb.com/title/tt0110475/"
"172","tt0120746","Sun Mar 13 04:08:16 2011","Sun Mar 13 04:08:16 2011","","The Mask of Zorro","Feature Film","Martin Campbell","6.7","136","1998","action, adventure, romance, western","80833","1998-07-17","http://www.imdb.com/title/tt0120746/"
"173","tt0114887","Sun Mar 13 04:08:35 2011","Sun Mar 13 04:08:35 2011","","A Walk in the Clouds","Feature Film","Alfonso Arau","6.3","102","1995","drama, romance","14959","1995-05-27","http://www.imdb.com/title/tt0114887/"
"174","tt0118971","Sun Mar 13 04:09:24 2011","Sun Mar 13 04:09:24 2011","","The Devil's Advocate","Feature Film","Taylor Hackford","7.4","144","1997","drama, mystery, thriller","145126","1997-10-17","http://www.imdb.com/title/tt0118971/"
"175","tt1314655","Sun Mar 13 04:09:52 2011","Sun Mar 13 04:09:52 2011","","Devil","Feature Film","John Erick Dowdle","6.3","80","2010","horror, mystery, thriller","59690","2010-09-16","http://www.imdb.com/title/tt1314655/"
"176","tt0371746","Sun Mar 13 04:09:59 2011","Sun Mar 13 04:09:59 2011","","Iron Man","Feature Film","Jon Favreau","7.9","126","2008","action, adventure, sci_fi","329639","2008-04-14","http://www.imdb.com/title/tt0371746/"
"177","tt0988045","Sun Mar 13 04:10:11 2011","Sun Mar 13 04:10:11 2011","","Sherlock Holmes","Feature Film","Guy Ritchie","7.6","128","2009","action, adventure, crime, mystery, thriller","248396","2009-12-24","http://www.imdb.com/title/tt0988045/"
"178","tt0114709","Sun Mar 13 04:10:27 2011","Sun Mar 13 04:10:27 2011","","Toy Story","Feature Film","John Lasseter","8.3","81","1995","animation, adventure, comedy, family, fantasy","287129","1995-11-19","http://www.imdb.com/title/tt0114709/"
"179","tt0094737","Sun Mar 13 04:10:46 2011","Sun Mar 13 04:10:46 2011","","Big","Feature Film","Penny Marshall","7.2","104","1988","comedy, drama, family, fantasy, romance","85384","1988-06-03","http://www.imdb.com/title/tt0094737/"
"180","tt0218967","Sun Mar 13 04:11:05 2011","Sun Mar 13 04:11:05 2011","","The Family Man","Feature Film","Brett Ratner","6.6","125","2000","comedy, drama, romance","55483","2000-12-12","http://www.imdb.com/title/tt0218967/"
"181","tt0427470","Sun Mar 13 04:11:15 2011","Sun Mar 13 04:11:15 2011","","The Lookout","Feature Film","Scott Frank","7.1","99","2007","crime, drama, thriller","35115","2007-03-09","http://www.imdb.com/title/tt0427470/"
"182","tt0102059","Sun Mar 13 04:11:32 2011","Sun Mar 13 04:11:32 2011","","Hot Shots!","Feature Film","Jim Abrahams","6.6","84","1991","action, comedy, war","46993","1991-07-31","http://www.imdb.com/title/tt0102059/"
"183","tt0107144","Sun Mar 13 04:11:41 2011","Sun Mar 13 04:11:41 2011","","Hot Shots! Part Deux","Feature Film","Jim Abrahams","6.4","86","1993","action, comedy, war","39601","1993-05-21","http://www.imdb.com/title/tt0107144/"
"184","tt0133093","Sun Mar 13 04:11:55 2011","Sun Mar 13 04:11:55 2011","","The Matrix","Feature Film","The Wachowski Brothers, The Wachowski Brothers","8.7","136","1999","action, adventure, sci_fi","620977","1999-03-31","http://www.imdb.com/title/tt0133093/"
"185","tt0116629","Sun Mar 13 04:12:05 2011","Sun Mar 13 04:12:05 2011","","Independence Day","Feature Film","Roland Emmerich","6.8","145","1996","action, adventure, sci_fi, thriller","245077","1996-06-25","http://www.imdb.com/title/tt0116629/"
"186","tt0426931","Sun Mar 13 04:12:54 2011","Sun Mar 13 04:12:54 2011","","August Rush","Feature Film","Kirsten Sheridan","7.4","114","2007","drama, music","51639","2007-10-06","http://www.imdb.com/title/tt0426931/"
"187","tt1190080","Sun Mar 13 04:12:22 2011","Sun Mar 13 04:12:22 2011","","2012","Feature Film","Roland Emmerich","5.8","158","2009","action, adventure, drama, sci_fi, thriller","155048","2009-11-11","http://www.imdb.com/title/tt1190080/"
"188","tt0120630","Sun Mar 13 04:12:36 2011","Sun Mar 13 04:12:36 2011","","Chicken Run","Feature Film","Peter Lord, Nick Park","7.1","84","2000","animation, family, comedy","79290","2000-06-21","http://www.imdb.com/title/tt0120630/"
"189","tt0116329","Sun Mar 13 04:12:44 2011","Sun Mar 13 04:12:44 2011","","Fly Away Home","Feature Film","Carroll Ballard","6.8","107","1996","adventure, drama, family","12565","1996-09-05","http://www.imdb.com/title/tt0116329/"
"190","tt0088011","Sun Mar 13 04:13:22 2011","Sun Mar 13 04:13:22 2011","","Romancing the Stone","Feature Film","Robert Zemeckis","6.9","106","1984","action, adventure, comedy, romance","38517","1984-03-30","http://www.imdb.com/title/tt0088011/"
"191","tt0338348","Sun Mar 13 04:13:39 2011","Sun Mar 13 04:13:39 2011","","The Polar Express","Feature Film","Robert Zemeckis","6.5","100","2004","animation, adventure, family, fantasy","56365","2004-10-21","http://www.imdb.com/title/tt0338348/"
"192","tt0397101","Sun Mar 13 04:14:00 2011","Sun Mar 13 04:14:00 2011","","The Skeleton Key","Feature Film","Iain Softley","6.4","104","2005","drama, horror, mystery, thriller","53318","2005-07-29","http://www.imdb.com/title/tt0397101/"
"193","tt1155056","Sun Mar 13 04:14:28 2011","Sun Mar 13 04:14:28 2011","","I Love You, Man","Feature Film","John Hamburg","7.1","105","2009","comedy, romance","98336","2009-03-20","http://www.imdb.com/title/tt1155056/"
"194","tt1068680","Sun Mar 13 04:14:39 2011","Sun Mar 13 04:14:39 2011","","Yes Man","Feature Film","Peyton Reed","6.9","104","2008","comedy, romance","149038","2008-12-09","http://www.imdb.com/title/tt1068680/"
"195","tt0145487","Sun Mar 13 04:14:53 2011","Sun Mar 13 04:14:53 2011","","Spider-Man","Feature Film","Sam Raimi","7.3","121","2002","action, adventure, fantasy","286080","2002-04-30","http://www.imdb.com/title/tt0145487/"
"196","tt0316654","Sun Mar 13 04:15:00 2011","Sun Mar 13 04:15:00 2011","","Spider-Man 2","Feature Film","Sam Raimi","7.5","127","2004","action, fantasy","217826","2004-06-25","http://www.imdb.com/title/tt0316654/"
"197","tt0413300","Sun Mar 13 04:15:06 2011","Sun Mar 13 04:15:06 2011","","Spider-Man 3","Feature Film","Sam Raimi","6.3","139","2007","action, fantasy","210776","2007-04-16","http://www.imdb.com/title/tt0413300/"
"198","tt0108160","Sun Mar 13 04:15:30 2011","Sun Mar 13 04:15:30 2011","","Sleepless in Seattle","Feature Film","Nora Ephron","6.7","105","1993","comedy, romance, drama","72530","1993-06-25","http://www.imdb.com/title/tt0108160/"
"199","tt0240890","Sun Mar 13 04:15:43 2011","Sun Mar 13 04:15:43 2011","","Serendipity","Feature Film","Peter Chelsom","6.7","90","2001","comedy, romance, fantasy","52862","2001-09-13","http://www.imdb.com/title/tt0240890/"
"200","tt0113189","Sun Mar 13 04:15:57 2011","Sun Mar 13 04:15:57 2011","","GoldenEye","Feature Film","Martin Campbell","7.2","130","1995","action, adventure, thriller","117283","1995-11-13","http://www.imdb.com/title/tt0113189/"
"201","tt0476964","Sun Mar 13 04:16:18 2011","Sun Mar 13 04:16:18 2011","","The Brave One","Feature Film","Neil Jordan","6.8","122","2007","crime, drama, thriller","37321","2007-09-06","http://www.imdb.com/title/tt0476964/"
"202","tt1197624","Sun Mar 13 04:16:29 2011","Sun Mar 13 04:16:29 2011","","Law Abiding Citizen","Feature Film","F. Gary Gray","7.2","109","2009","crime, drama, thriller","113139","2009-09-23","http://www.imdb.com/title/tt1197624/"
"203","tt0408790","Sun Mar 13 04:16:44 2011","Sun Mar 13 04:16:44 2011","","Flightplan","Feature Film","Robert Schwentke","6.1","98","2005","drama, mystery, thriller","78212","2005-09-22","http://www.imdb.com/title/tt0408790/"
"204","tt0356910","Sun Mar 13 04:16:59 2011","Sun Mar 13 04:16:59 2011","","Mr. & Mrs. Smith","Feature Film","Doug Liman","6.4","120","2005","action, comedy, romance","176603","2005-06-07","http://www.imdb.com/title/tt0356910/"
"205","tt0473308","Sun Mar 13 04:17:11 2011","Sun Mar 13 04:17:11 2011","","Waitress","Feature Film","Adrienne Shelly","7.1","108","2007","comedy, drama, romance","27306","2007-01-21","http://www.imdb.com/title/tt0473308/"
"206","tt0829297","Sun Mar 13 04:17:23 2011","Sun Mar 13 04:17:23 2011","","Ten Inch Hero","Feature Film","David Mackay","7.3","","2007","comedy, drama, romance","6046","2007-04-25","http://www.imdb.com/title/tt0829297/"
"207","tt0245844","Sun Mar 13 04:17:45 2011","Sun Mar 13 04:17:45 2011","","The Count of Monte Cristo","Feature Film","Kevin Reynolds","7.6","131","2002","adventure, drama, romance, thriller","66332","2002-01-23","http://www.imdb.com/title/tt0245844/"
"208","tt0219854","Sun Mar 13 04:18:06 2011","Sun Mar 13 04:18:06 2011","","The Kid","Feature Film","Jon Turteltaub","5.9","104","2000","comedy, family, fantasy","23083","2000-06-25","http://www.imdb.com/title/tt0219854/"
"209","tt0238380","Sun Mar 13 04:18:22 2011","Sun Mar 13 04:18:22 2011","","Equilibrium","Feature Film","Kurt Wimmer","7.6","107","2002","action, drama, sci_fi, thriller","155892","2002-12-06","http://www.imdb.com/title/tt0238380/"
"210","tt0182789","Sun Mar 13 04:18:42 2011","Sun Mar 13 04:18:42 2011","","Bicentennial Man","Feature Film","Chris Columbus","6.5","132","1999","drama, family, fantasy, romance, sci_fi","47097","1999-12-13","http://www.imdb.com/title/tt0182789/"
"211","tt0230838","Sun Mar 13 04:19:06 2011","Sun Mar 13 04:19:06 2011","","Sweet November","Feature Film","Pat O'Connor","6.3","119","2001","drama, romance","40116","2001-02-12","http://www.imdb.com/title/tt0230838/"
"212","tt0315327","Sun Mar 13 04:19:23 2011","Sun Mar 13 04:19:23 2011","","Bruce Almighty","Feature Film","Tom Shadyac","6.6","101","2003","comedy, drama, fantasy","162878","2003-05-23","http://www.imdb.com/title/tt0315327/"
"213","tt0266697","Sun Mar 13 04:19:38 2011","Sun Mar 13 04:19:38 2011","","Kill Bill: Vol. 1","Feature Film","Quentin Tarantino","8.2","111","2003","action, crime, thriller","379155","2003-10-10","http://www.imdb.com/title/tt0266697/"
"214","tt0378194","Sun Mar 13 04:19:45 2011","Sun Mar 13 04:19:45 2011","","Kill Bill: Vol. 2","Feature Film","Quentin Tarantino","8.0","136","2004","action, thriller","295361","2004-04-16","http://www.imdb.com/title/tt0378194/"
"215","tt0365485","Sun Mar 13 04:21:13 2011","Sun Mar 13 04:21:13 2011","","The Matador","Feature Film","Richard Shepard","6.8","96","2005","comedy, crime, drama, thriller","31682","2005-01","http://www.imdb.com/title/tt0365485/"
"216","tt0109830","Sun Mar 13 04:23:10 2011","Sun Mar 13 04:23:10 2011","","Forrest Gump","Feature Film","Robert Zemeckis","8.7","142","1994","drama, romance","550551","1994-06-23","http://www.imdb.com/title/tt0109830/"
"217","tt0038650","Sun Mar 13 04:23:28 2011","Sun Mar 13 04:23:28 2011","","It's a Wonderful Life","Feature Film","Frank Capra","8.7","130","1946","drama, fantasy","149784","1946-12-20","http://www.imdb.com/title/tt0038650/"
"218","tt0435761","Sun Mar 13 04:23:41 2011","Sun Mar 13 04:23:41 2011","","Toy Story 3","Feature Film","Lee Unkrich","8.5","103","2010","animation, adventure, comedy, family, fantasy","247175","2010-06-12","http://www.imdb.com/title/tt0435761/"
"219","tt0266543","Sun Mar 13 04:24:54 2011","Sun Mar 13 04:24:54 2011","","Finding Nemo","Feature Film","Andrew Stanton, Lee Unkrich","8.1","100","2003","animation, adventure, comedy, family","315747","2003-05-30","http://www.imdb.com/title/tt0266543/"
"220","tt0052618","Sun Mar 13 04:25:10 2011","Sun Mar 13 04:25:10 2011","","Ben-Hur","Feature Film","William Wyler","8.2","212","1959","action, adventure, drama, history, romance","88246","1959-11-18","http://www.imdb.com/title/tt0052618/"
"221","tt0796366","Sun Mar 13 04:25:42 2011","Sun Mar 13 04:25:42 2011","","Star Trek","Feature Film","J.J. Abrams","8.0","127","2009","action, adventure, sci_fi","261263","2009-04-06","http://www.imdb.com/title/tt0796366/"
"222","tt0327056","Sun Mar 13 04:26:01 2011","Sun Mar 13 04:26:01 2011","","Mystic River","Feature Film","Clint Eastwood","8.0","138","2003","crime, drama, mystery, thriller","205189","2003-05-23","http://www.imdb.com/title/tt0327056/"
"223","tt0198781","Sun Mar 13 04:26:36 2011","Sun Mar 13 04:26:36 2011","","Monsters, Inc.","Feature Film","Pete Docter, David Silverman","8.0","92","2001","animation, adventure, comedy, family, fantasy","245506","2001-10-28","http://www.imdb.com/title/tt0198781/"
"224","tt0268380","Sun Mar 13 04:26:46 2011","Sun Mar 13 04:26:46 2011","","Ice Age","Feature Film","Chris Wedge, Carlos Saldanha","7.5","81","2002","animation, adventure, comedy, family","163779","2002-03-12","http://www.imdb.com/title/tt0268380/"
"225","tt0438097","Sun Mar 13 04:26:57 2011","Sun Mar 13 04:26:57 2011","","Ice Age: The Meltdown","Feature Film","Carlos Saldanha","6.9","91","2006","animation, action, adventure, comedy, family, fantasy, romance","96721","2006-03-01","http://www.imdb.com/title/tt0438097/"
"226","tt1080016","Sun Mar 13 04:27:03 2011","Sun Mar 13 04:27:03 2011","","Ice Age: Dawn of the Dinosaurs","Feature Film","Carlos Saldanha, Mike Thurmeier","7.0","94","2009","animation, action, adventure, comedy, family, romance","79973","2009-07-01","http://www.imdb.com/title/tt1080016/"
"227","tt0449467","Sun Mar 13 04:30:03 2011","Sun Mar 13 04:30:03 2011","","Babel","Feature Film","Alejandro González Iñárritu","7.5","143","2006","drama","156305","2006-05-23","http://www.imdb.com/title/tt0449467/"
"228","tt0108052","Sun Mar 13 04:31:22 2011","Sun Mar 13 04:31:22 2011","","Schindler's List","Feature Film","Steven Spielberg","8.9","195","1993","biography, drama, history, war","440896","1993-11-30","http://www.imdb.com/title/tt0108052/"
"229","tt0162661","Sun Mar 13 04:32:11 2011","Sun Mar 13 04:32:11 2011","","Sleepy Hollow","Feature Film","Tim Burton","7.5","105","1999","horror, mystery","165799","1999-11-17","http://www.imdb.com/title/tt0162661/"
"230","tt0212720","Sun Mar 13 04:33:16 2011","Sun Mar 13 04:33:16 2011","","A.I. Artificial Intelligence","Feature Film","Steven Spielberg","7.0","146","2001","adventure, drama, sci_fi","146866","2001-06-26","http://www.imdb.com/title/tt0212720/"
"231","tt0452608","Sun Mar 13 04:33:24 2011","Sun Mar 13 04:33:24 2011","","Death Race","Feature Film","Paul W.S. Anderson","6.4","","2008","action, sci_fi, thriller","95055","2008-08-21","http://www.imdb.com/title/tt0452608/"
"232","tt0337921","Sun Mar 13 04:33:34 2011","Sun Mar 13 04:33:34 2011","","Cellular","Feature Film","David R. Ellis","6.5","94","2004","action, crime, drama, thriller","52260","2004-09-10","http://www.imdb.com/title/tt0337921/"
"233","tt0138749","Sun Mar 13 04:34:24 2011","Sun Mar 13 04:34:24 2011","","The Road to El Dorado","Feature Film","Eric 'Bibo' Bergeron, Will Finn","6.6","89","2000","animation, adventure, comedy, family, romance","24218","2000-03-31","http://www.imdb.com/title/tt0138749/"
"234","tt0486822","Sun Mar 13 04:37:45 2011","Sun Mar 13 04:37:45 2011","","Disturbia","Feature Film","D.J. Caruso","6.9","105","2007","drama, mystery, thriller","123140","2007-04-04","http://www.imdb.com/title/tt0486822/"
"235","tt0099582","Sun Mar 13 04:38:21 2011","Sun Mar 13 04:38:21 2011","","Flatliners","Feature Film","Joel Schumacher","6.5","115","1990","drama, horror, sci_fi, thriller","38668","1990-08-10","http://www.imdb.com/title/tt0099582/"
"236","tt0120737","Sun Mar 13 04:40:30 2011","Sun Mar 13 04:40:30 2011","","The Lord of the Rings: The Fellowship of the Ring","Feature Film","Peter Jackson","8.8","178","2001","action, adventure, fantasy","624723","2001-12-10","http://www.imdb.com/title/tt0120737/"
"237","tt0167261","Sun Mar 13 04:40:42 2011","Sun Mar 13 04:40:42 2011","","The Lord of the Rings: The Two Towers","Feature Film","Peter Jackson","8.7","179","2002","action, adventure, fantasy","539070","2002-12-05","http://www.imdb.com/title/tt0167261/"
"238","tt0167260","Sun Mar 13 04:40:53 2011","Sun Mar 13 04:40:53 2011","","The Lord of the Rings: The Return of the King","Feature Film","Peter Jackson","8.9","201","2003","action, adventure, fantasy","601178","2003-12-01","http://www.imdb.com/title/tt0167260/"
"239","tt0441773","Sun Mar 13 04:43:16 2011","Sun Mar 13 04:43:16 2011","","Kung Fu Panda","Feature Film","Mark Osborne, John Stevenson","7.6","90","2008","animation, action, adventure, comedy, family","151118","2008-05-15","http://www.imdb.com/title/tt0441773/"
"240","tt0317740","Sun Mar 13 04:43:52 2011","Sun Mar 13 04:43:52 2011","","The Italian Job","Feature Film","F. Gary Gray","6.9","111","2003","action, crime, thriller","160317","2003-05-30","http://www.imdb.com/title/tt0317740/"
"241","tt1148204","Sun Mar 13 04:44:00 2011","Sun Mar 13 04:44:00 2011","","Orphan","Feature Film","Jaume Collet-Serra","7.0","123","2009","mystery, thriller","69605","2009-07-21","http://www.imdb.com/title/tt1148204/"
"242","tt1323594","Sun Mar 13 04:44:55 2011","Sun Mar 13 04:44:55 2011","","Despicable Me","Feature Film","Pierre Coffin, Chris Renaud","7.6","95","2010","animation, comedy, crime, family","124133","2010-06-20","http://www.imdb.com/title/tt1323594/"
"243","tt0758774","Sun Mar 13 04:47:32 2011","Sun Mar 13 04:47:32 2011","","Body of Lies","Feature Film","Ridley Scott","7.1","128","2008","action, drama, thriller","102526","2008-10-05","http://www.imdb.com/title/tt0758774/"
"244","tt0145681","Sun Mar 13 04:48:22 2011","Sun Mar 13 04:48:22 2011","","The Bone Collector","Feature Film","Phillip Noyce","6.5","118","1999","crime, drama, mystery, thriller","72129","1999-08-29","http://www.imdb.com/title/tt0145681/"
"245","tt1139328","Sun Mar 13 04:49:15 2011","Sun Mar 13 04:49:15 2011","","The Ghost Writer","Feature Film","Roman Polanski","7.3","128","2010","mystery, thriller","80709","2010-02-12","http://www.imdb.com/title/tt1139328/"
"246","tt1182345","Sun Mar 13 04:50:24 2011","Sun Mar 13 04:50:24 2011","","Moon","Feature Film","Duncan Jones","8.0","97","2009","drama, sci_fi","129558","2009-01-23","http://www.imdb.com/title/tt1182345/"
"247","tt1250777","Sun Mar 13 04:50:40 2011","Sun Mar 13 04:50:40 2011","","Kick-Ass","Feature Film","Matthew Vaughn","7.9","117","2010","action, comedy","229501","2010-03-12","http://www.imdb.com/title/tt1250777/"
"248","tt1057500","Sun Mar 13 04:51:02 2011","Sun Mar 13 04:51:02 2011","","Invictus","Feature Film","Clint Eastwood","7.3","134","2009","biography, drama, history, sport","68947","2009-12-03","http://www.imdb.com/title/tt1057500/"
"249","tt0477080","Sun Mar 13 04:51:51 2011","Sun Mar 13 04:51:51 2011","","Unstoppable","Feature Film","Tony Scott","6.8","98","2010","action, thriller","80055","2010-10-26","http://www.imdb.com/title/tt0477080/"
"250","tt0473705","Sun Mar 13 04:52:09 2011","Sun Mar 13 04:52:09 2011","","State of Play","Feature Film","Kevin Macdonald","7.2","127","2009","drama, mystery","70875","2009-04-17","http://www.imdb.com/title/tt0473705/"
